country,country_code,continent,population,indicator,weekly_count,year_week,rate_14_day,cumulative_count
Brazil,BRA,America,212559409,cases,0,2020-1,0.000000,0
Brazil,BRA,America,212559409,cases,0,2020-2,0.000000,0
Brazil,BRA,America,212559409,cases,0,2020-3,0.000000,0
Brazil,BRA,America,212559409,cases,0,2020-4,0.000000,0
Brazil,BRA,America,212559409,cases,0,2020-5,0.000000,0
Brazil,BRA,America,212559409,cases,0,2020-6,0.000000,0
Brazil,BRA,America,212559409,cases,0,2020-7,0.000000,0
Brazil,BRA,America,212559409,cases,0,2020-8,0.000000,0
Brazil,BRA,America,212559409,cases,2,2020-9,0.001000,2
Brazil,BRA,America,212559409,cases,23,2020-10,0.012000,25
Brazil,BRA,America,212559409,cases,175,2020-11,0.093000,200
Brazil,BRA,America,212559409,cases,1346,2020-12,0.716000,1546
Brazil,BRA,America,212559409,cases,2710,2020-13,1.908000,4256
Brazil,BRA,America,212559409,cases,6874,2020-14,4.509000,11130
Brazil,BRA,America,212559409,cases,11039,2020-15,8.427000,22169
Brazil,BRA,America,212559409,cases,16485,2020-16,12.949000,38654
Brazil,BRA,America,212559409,cases,23234,2020-17,18.686001,61888
Brazil,BRA,America,212559409,cases,39259,2020-18,29.400000,101147
Brazil,BRA,America,212559409,cases,61552,2020-19,47.426998,162699
Brazil,BRA,America,212559409,cases,78381,2020-20,65.832001,241080
Brazil,BRA,America,212559409,cases,122131,2020-21,94.332001,363211
Brazil,BRA,America,212559409,cases,151638,2020-22,128.796005,514849
Brazil,BRA,America,212559409,cases,176909,2020-23,154.567001,691758
Brazil,BRA,America,212559409,cases,175866,2020-24,165.964996,867624
Brazil,BRA,America,212559409,cases,217414,2020-25,185.020996,1085038
Brazil,BRA,America,212559409,cases,259105,2020-26,224.182007,1344143
Brazil,BRA,America,212559409,cases,258912,2020-27,243.705002,1603055
Brazil,BRA,America,212559409,cases,261626,2020-28,244.891006,1864681
Brazil,BRA,America,212559409,cases,233708,2020-29,233.033005,2098389
Brazil,BRA,America,212559409,cases,320702,2020-30,260.825989,2419091
Brazil,BRA,America,212559409,cases,314586,2020-31,298.876007,2733677
Brazil,BRA,America,212559409,cases,301745,2020-32,289.957001,3035422
Brazil,BRA,America,212559409,cases,304775,2020-33,285.341003,3340197
Brazil,BRA,America,212559409,cases,265586,2020-34,268.329987,3605783
Brazil,BRA,America,212559409,cases,256528,2020-35,245.632004,3862311
Brazil,BRA,America,212559409,cases,275210,2020-36,250.160004,4137521
Brazil,BRA,America,212559409,cases,192934,2020-37,220.240997,4330455
Brazil,BRA,America,212559409,cases,214174,2020-38,191.526993,4544629
Brazil,BRA,America,212559409,cases,187680,2020-39,189.054993,4732309
Brazil,BRA,America,212559409,cases,182980,2020-40,174.378998,4915289
Brazil,BRA,America,212559409,cases,179693,2020-41,170.621994,5094982
Brazil,BRA,America,212559409,cases,140362,2020-42,150.572006,5235344
Brazil,BRA,America,212559409,cases,158784,2020-43,140.735001,5394128
Brazil,BRA,America,212559409,cases,151577,2020-44,146.011002,5545705
Brazil,BRA,America,212559409,cases,118410,2020-45,127.016998,5664115
Brazil,BRA,America,212559409,cases,198978,2020-46,149.317001,5863093
Brazil,BRA,America,212559409,cases,208308,2020-47,191.610001,6071401
Brazil,BRA,America,212559409,cases,243339,2020-48,212.479996,6314740
Brazil,BRA,America,212559409,cases,288800,2020-49,250.348007,6603540
Brazil,BRA,America,212559409,cases,298412,2020-50,276.257996,6901952
Brazil,BRA,America,212559409,cases,361667,2020-51,310.539001,7263619
Brazil,BRA,America,212559409,cases,220666,2020-52,273.962006,7484285
Brazil,BRA,America,212559409,cases,249461,2020-53,221.173996,7733746
Brazil,BRA,America,212559409,cases,397866,2021-1,304.539001,8131612
Brazil,BRA,America,212559409,cases,380158,2021-2,366.027008,8511770
Brazil,BRA,America,212559409,cases,359623,2021-3,348.035004,8871393
Brazil,BRA,America,212559409,cases,357929,2021-4,337.576996,9229322
Brazil,BRA,America,212559409,cases,318757,2021-5,318.351013,9548079
Brazil,BRA,America,212559409,cases,318631,2021-6,299.863007,9866710
Brazil,BRA,America,212559409,cases,328450,2021-7,304.424011,10195160
Brazil,BRA,America,212559409,cases,391841,2021-8,338.865997,10587001
Brazil,BRA,America,212559409,cases,464664,2021-9,402.949005,11051665
Brazil,BRA,America,212559409,cases,467944,2021-10,438.752014,11519609
Brazil,BRA,America,212559409,cases,527917,2021-11,468.509003,12047526
Brazil,BRA,America,212559409,cases,526089,2021-12,495.864014,12573615
Brazil,BRA,America,212559409,cases,439986,2021-13,454.496002,13013601
Brazil,BRA,America,212559409,cases,504207,2021-14,444.201996,13517808
Brazil,BRA,America,212559409,cases,455887,2021-15,451.683014,13973695
Brazil,BRA,America,212559409,deaths,0,2020-1,0.000000,0
Brazil,BRA,America,212559409,deaths,0,2020-2,0.000000,0
Brazil,BRA,America,212559409,deaths,0,2020-3,0.000000,0
Brazil,BRA,America,212559409,deaths,0,2020-4,0.000000,0
Brazil,BRA,America,212559409,deaths,0,2020-5,0.000000,0
Brazil,BRA,America,212559409,deaths,0,2020-6,0.000000,0
Brazil,BRA,America,212559409,deaths,0,2020-7,0.000000,0
Brazil,BRA,America,212559409,deaths,0,2020-8,0.000000,0
Brazil,BRA,America,212559409,deaths,0,2020-9,0.000000,0
Brazil,BRA,America,212559409,deaths,0,2020-10,0.000000,0
Brazil,BRA,America,212559409,deaths,0,2020-11,0.000000,0
Brazil,BRA,America,212559409,deaths,25,2020-12,0.118000,25
Brazil,BRA,America,212559409,deaths,111,2020-13,0.640000,136
Brazil,BRA,America,212559409,deaths,350,2020-14,2.169000,486
Brazil,BRA,America,212559409,deaths,737,2020-15,5.114000,1223
Brazil,BRA,America,212559409,deaths,1239,2020-16,9.296000,2462
Brazil,BRA,America,212559409,deaths,1743,2020-17,14.029000,4205
Brazil,BRA,America,212559409,deaths,2820,2020-18,21.466999,7025
Brazil,BRA,America,212559409,deaths,4098,2020-19,32.546001,11123
Brazil,BRA,America,212559409,deaths,4995,2020-20,42.778999,16118
Brazil,BRA,America,212559409,deaths,6548,2020-21,54.305000,22666
Brazil,BRA,America,212559409,deaths,6648,2020-22,62.081001,29314
Brazil,BRA,America,212559409,deaths,7141,2020-23,64.871002,36455
Brazil,BRA,America,212559409,deaths,6877,2020-24,65.948997,43332
Brazil,BRA,America,212559409,deaths,7285,2020-25,66.625999,50617
Brazil,BRA,America,212559409,deaths,7005,2020-26,67.227997,57622
Brazil,BRA,America,212559409,deaths,7245,2020-27,67.040001,64867
Brazil,BRA,America,212559409,deaths,7233,2020-28,68.112999,72100
Brazil,BRA,America,212559409,deaths,7388,2020-29,68.785004,79488
Brazil,BRA,America,212559409,deaths,7516,2020-30,70.116997,87004
Brazil,BRA,America,212559409,deaths,7100,2020-31,68.762001,94104
Brazil,BRA,America,212559409,deaths,6945,2020-32,66.075996,101049
Brazil,BRA,America,212559409,deaths,6803,2020-33,64.678001,107852
Brazil,BRA,America,212559409,deaths,6892,2020-34,64.429001,114744
Brazil,BRA,America,212559409,deaths,6084,2020-35,61.046001,120828
Brazil,BRA,America,212559409,deaths,5822,2020-36,56.013000,126650
Brazil,BRA,America,212559409,deaths,4975,2020-37,50.794998,131625
Brazil,BRA,America,212559409,deaths,5270,2020-38,48.198002,136895
Brazil,BRA,America,212559409,deaths,4846,2020-39,47.591000,141741
Brazil,BRA,America,212559409,deaths,4611,2020-40,44.491001,146352
Brazil,BRA,America,212559409,deaths,4136,2020-41,41.151001,150488
Brazil,BRA,America,212559409,deaths,3417,2020-42,35.534000,153905
Brazil,BRA,America,212559409,deaths,3229,2020-43,31.267000,157134
Brazil,BRA,America,212559409,deaths,2940,2020-44,29.021999,160074
Brazil,BRA,America,212559409,deaths,2323,2020-45,24.760000,162397
Brazil,BRA,America,212559409,deaths,3401,2020-46,26.929001,165798
Brazil,BRA,America,212559409,deaths,3385,2020-47,31.924999,169183
Brazil,BRA,America,212559409,deaths,3650,2020-48,33.097000,172833
Brazil,BRA,America,212559409,deaths,4108,2020-49,36.498001,176941
Brazil,BRA,America,212559409,deaths,4461,2020-50,40.313000,181402
Brazil,BRA,America,212559409,deaths,5889,2020-51,48.692001,187291
Brazil,BRA,America,212559409,deaths,3848,2020-52,45.807999,191139
Brazil,BRA,America,212559409,deaths,4879,2020-53,41.056999,196018
Brazil,BRA,America,212559409,deaths,7562,2021-1,58.529999,203580
Brazil,BRA,America,212559409,deaths,6719,2021-2,67.185997,210299
Brazil,BRA,America,212559409,deaths,7365,2021-3,66.259003,217664
Brazil,BRA,America,212559409,deaths,7435,2021-4,69.627998,225099
Brazil,BRA,America,212559409,deaths,7071,2021-5,68.244003,232170
Brazil,BRA,America,212559409,deaths,7603,2021-6,69.035004,239773
Brazil,BRA,America,212559409,deaths,7370,2021-7,70.441002,247143
Brazil,BRA,America,212559409,deaths,8577,2021-8,75.024002,255720
Brazil,BRA,America,212559409,deaths,10678,2021-9,90.585999,266398
Brazil,BRA,America,212559409,deaths,12888,2021-10,110.867996,279286
Brazil,BRA,America,212559409,deaths,16139,2021-11,136.559006,295425
Brazil,BRA,America,212559409,deaths,18441,2021-12,162.684006,313866
Brazil,BRA,America,212559409,deaths,18886,2021-13,175.606995,332752
Brazil,BRA,America,212559409,deaths,21865,2021-14,191.716003,354617
Brazil,BRA,America,212559409,deaths,20065,2021-15,197.261993,374682
United States Of America,USA,America,331002647,cases,0,2020-1,0.000000,0
United States Of America,USA,America,331002647,cases,0,2020-2,0.000000,0
United States Of America,USA,America,331002647,cases,0,2020-3,0.000000,0
United States Of America,USA,America,331002647,cases,5,2020-4,0.002000,5
United States Of America,USA,America,331002647,cases,6,2020-5,0.003000,11
United States Of America,USA,America,331002647,cases,1,2020-6,0.002000,12
United States Of America,USA,America,331002647,cases,3,2020-7,0.001000,15
United States Of America,USA,America,331002647,cases,20,2020-8,0.007000,35
United States Of America,USA,America,331002647,cases,54,2020-9,0.022000,89
United States Of America,USA,America,331002647,cases,465,2020-10,0.157000,554
United States Of America,USA,America,331002647,cases,3220,2020-11,1.113000,3774
United States Of America,USA,America,331002647,cases,31432,2020-12,10.469000,35206
United States Of America,USA,America,331002647,cases,107819,2020-13,42.069000,143025
United States Of America,USA,America,331002647,cases,194610,2020-14,91.367996,337635
United States Of America,USA,America,331002647,cases,219936,2020-15,125.238998,557571
United States Of America,USA,America,331002647,cases,202116,2020-16,127.507004,759687
United States Of America,USA,America,331002647,cases,206223,2020-17,123.363998,965910
United States Of America,USA,America,331002647,cases,192131,2020-18,120.348000,1158041
United States Of America,USA,America,331002647,cases,171758,2020-19,109.934998,1329799
United States Of America,USA,America,331002647,cases,156958,2020-20,99.308998,1486757
United States Of America,USA,America,331002647,cases,156481,2020-21,94.694000,1643238
United States Of America,USA,America,331002647,cases,146953,2020-22,91.670998,1790191
United States Of America,USA,America,331002647,cases,152172,2020-23,90.369003,1942363
United States Of America,USA,America,331002647,cases,151706,2020-24,91.805000,2094069
United States Of America,USA,America,331002647,cases,186843,2020-25,102.279999,2280912
United States Of America,USA,America,331002647,cases,268084,2020-26,137.438995,2548996
United States Of America,USA,America,331002647,cases,339639,2020-27,183.600998,2888635
United States Of America,USA,America,331002647,cases,416307,2020-28,228.380997,3304942
United States Of America,USA,America,331002647,cases,468318,2020-29,267.256012,3773260
United States Of America,USA,America,331002647,cases,460760,2020-30,280.686005,4234020
United States Of America,USA,America,331002647,cases,433935,2020-31,270.298004,4667955
United States Of America,USA,America,331002647,cases,376909,2020-32,244.966003,5044864
United States Of America,USA,America,331002647,cases,358405,2020-33,222.147003,5403269
United States Of America,USA,America,331002647,cases,299342,2020-34,198.714005,5702611
United States Of America,USA,America,331002647,cases,294552,2020-35,179.423004,5997163
United States Of America,USA,America,331002647,cases,279258,2020-36,173.354996,6276421
United States Of America,USA,America,331002647,cases,243558,2020-37,157.949005,6519979
United States Of America,USA,America,331002647,cases,284835,2020-38,159.634003,6804814
United States Of America,USA,America,331002647,cases,310232,2020-39,179.776993,7115046
United States Of America,USA,America,331002647,cases,302799,2020-40,185.203995,7417845
United States Of America,USA,America,331002647,cases,344699,2020-41,195.617004,7762544
United States Of America,USA,America,331002647,cases,392051,2020-42,222.580994,8154595
United States Of America,USA,America,331002647,cases,481570,2020-43,263.932007,8636165
United States Of America,USA,America,331002647,cases,571197,2020-44,318.053986,9207362
United States Of America,USA,America,331002647,cases,764289,2020-45,403.467010,9971651
United States Of America,USA,America,331002647,cases,1065410,2020-46,552.775024,11037061
United States Of America,USA,America,331002647,cases,1209848,2020-47,687.383972,12246909
United States Of America,USA,America,331002647,cases,1136412,2020-48,708.833984,13383321
United States Of America,USA,America,331002647,cases,1373677,2020-49,758.328979,14756998
United States Of America,USA,America,331002647,cases,1499756,2020-50,868.099976,16256754
United States Of America,USA,America,331002647,cases,1588085,2020-51,932.875000,17844839
United States Of America,USA,America,331002647,cases,1306812,2020-52,874.583984,19151651
United States Of America,USA,America,331002647,cases,1488563,2020-53,844.517029,20640214
United States Of America,USA,America,331002647,cases,1782792,2021-1,988.317017,22423006
United States Of America,USA,America,331002647,cases,1515282,2021-2,996.388977,23938288
United States Of America,USA,America,331002647,cases,1358783,2021-3,868.291016,25297071
United States Of America,USA,America,331002647,cases,1024054,2021-4,719.885010,26321125
United States Of America,USA,America,331002647,cases,687440,2021-5,517.064026,27008565
United States Of America,USA,America,331002647,cases,685603,2021-6,414.812988,27694168
United States Of America,USA,America,331002647,cases,495991,2021-7,356.973999,28190159
United States Of America,USA,America,331002647,cases,415502,2021-8,275.372986,28605661
United States Of America,USA,America,331002647,cases,383101,2021-9,241.268005,28988762
United States Of America,USA,America,331002647,cases,506660,2021-10,268.808014,29495422
United States Of America,USA,America,331002647,cases,323686,2021-11,250.858002,29819108
United States Of America,USA,America,331002647,cases,512686,2021-12,252.677994,30331794
United States Of America,USA,America,331002647,cases,374335,2021-13,267.980011,30706129
United States Of America,USA,America,331002647,cases,562003,2021-14,282.878998,31268132
United States Of America,USA,America,331002647,cases,402714,2021-15,291.453003,31670846
United States Of America,USA,America,331002647,deaths,0,2020-1,0.000000,0
United States Of America,USA,America,331002647,deaths,0,2020-2,0.000000,0
United States Of America,USA,America,331002647,deaths,0,2020-3,0.000000,0
United States Of America,USA,America,331002647,deaths,0,2020-4,0.000000,0
United States Of America,USA,America,331002647,deaths,0,2020-5,0.000000,0
United States Of America,USA,America,331002647,deaths,0,2020-6,0.000000,0
United States Of America,USA,America,331002647,deaths,0,2020-7,0.000000,0
United States Of America,USA,America,331002647,deaths,0,2020-8,0.000000,0
United States Of America,USA,America,331002647,deaths,2,2020-9,0.006000,2
United States Of America,USA,America,331002647,deaths,19,2020-10,0.063000,21
United States Of America,USA,America,331002647,deaths,48,2020-11,0.202000,69
United States Of America,USA,America,331002647,deaths,402,2020-12,1.360000,471
United States Of America,USA,America,331002647,deaths,2038,2020-13,7.372000,2509
United States Of America,USA,America,331002647,deaths,7138,2020-14,27.722000,9647
United States Of America,USA,America,331002647,deaths,12461,2020-15,59.210999,22108
United States Of America,USA,America,331002647,deaths,18574,2020-16,93.761002,40682
United States Of America,USA,America,331002647,deaths,14194,2020-17,98.996002,54876
United States Of America,USA,America,331002647,deaths,12806,2020-18,81.570000,67682
United States Of America,USA,America,331002647,deaths,11846,2020-19,74.476997,79528
United States Of America,USA,America,331002647,deaths,10034,2020-20,66.101997,89562
United States Of America,USA,America,331002647,deaths,8158,2020-21,54.959999,97720
United States Of America,USA,America,331002647,deaths,6663,2020-22,44.776001,104383
United States Of America,USA,America,331002647,deaths,6131,2020-23,38.652000,110514
United States Of America,USA,America,331002647,deaths,5218,2020-24,34.286999,115732
United States Of America,USA,America,331002647,deaths,4243,2020-25,28.583000,119975
United States Of America,USA,America,331002647,deaths,5829,2020-26,30.429001,125804
United States Of America,USA,America,331002647,deaths,4143,2020-27,30.127001,129947
United States Of America,USA,America,331002647,deaths,5258,2020-28,28.402000,135205
United States Of America,USA,America,331002647,deaths,5329,2020-29,31.985001,140534
United States Of America,USA,America,331002647,deaths,6401,2020-30,35.438000,146935
United States Of America,USA,America,331002647,deaths,7925,2020-31,43.280998,154860
United States Of America,USA,America,331002647,deaths,8078,2020-32,48.347000,162938
United States Of America,USA,America,331002647,deaths,7114,2020-33,45.896999,170052
United States Of America,USA,America,331002647,deaths,6754,2020-34,41.896999,176806
United States Of America,USA,America,331002647,deaths,6263,2020-35,39.326000,183069
United States Of America,USA,America,331002647,deaths,5872,2020-36,36.660999,188941
United States Of America,USA,America,331002647,deaths,5138,2020-37,33.263000,194079
United States Of America,USA,America,331002647,deaths,5430,2020-38,31.927000,199509
United States Of America,USA,America,331002647,deaths,5247,2020-39,32.257000,204756
United States Of America,USA,America,331002647,deaths,5038,2020-40,31.072001,209794
United States Of America,USA,America,331002647,deaths,4977,2020-41,30.257000,214771
United States Of America,USA,America,331002647,deaths,4903,2020-42,29.849001,219674
United States Of America,USA,America,331002647,deaths,5556,2020-43,31.598000,225230
United States Of America,USA,America,331002647,deaths,5766,2020-44,34.205002,230996
United States Of America,USA,America,331002647,deaths,6576,2020-45,37.286999,237572
United States Of America,USA,America,331002647,deaths,8642,2020-46,45.974998,246214
United States Of America,USA,America,331002647,deaths,10568,2020-47,58.035999,256782
United States Of America,USA,America,331002647,deaths,10091,2020-48,62.412998,266873
United States Of America,USA,America,331002647,deaths,15437,2020-49,77.123001,282310
United States Of America,USA,America,331002647,deaths,16867,2020-50,97.594002,299177
United States Of America,USA,America,331002647,deaths,18493,2020-51,106.827003,317670
United States Of America,USA,America,331002647,deaths,15656,2020-52,103.167999,333326
United States Of America,USA,America,331002647,deaths,18264,2020-53,102.476997,351590
United States Of America,USA,America,331002647,deaths,22852,2021-1,124.217003,374442
United States Of America,USA,America,331002647,deaths,23169,2021-2,139.035004,397611
United States Of America,USA,America,331002647,deaths,23518,2021-3,141.046997,421129
United States Of America,USA,America,331002647,deaths,22226,2021-4,138.197998,443355
United States Of America,USA,America,331002647,deaths,20127,2021-5,127.954002,463482
United States Of America,USA,America,331002647,deaths,22843,2021-6,129.817993,486325
United States Of America,USA,America,331002647,deaths,11364,2021-7,103.344002,497689
United States Of America,USA,America,331002647,deaths,15402,2021-8,80.862999,513091
United States Of America,USA,America,331002647,deaths,11888,2021-9,82.445999,524979
United States Of America,USA,America,331002647,deaths,10682,2021-10,68.186996,535661
United States Of America,USA,America,331002647,deaths,6698,2021-11,52.507000,542359
United States Of America,USA,America,331002647,deaths,7677,2021-12,43.429001,550036
United States Of America,USA,America,331002647,deaths,4965,2021-13,38.193001,555001
United States Of America,USA,America,331002647,deaths,7532,2021-14,37.755001,562533
United States Of America,USA,America,331002647,deaths,4683,2021-15,36.903000,567216
France,FRA,Europe,67320216,cases,0,2020-1,0.000000,0
France,FRA,Europe,67320216,cases,0,2020-2,0.000000,0
France,FRA,Europe,67320216,cases,0,2020-3,0.000000,0
France,FRA,Europe,67320216,cases,3,2020-4,0.004000,3
France,FRA,Europe,67320216,cases,3,2020-5,0.009000,6
France,FRA,Europe,67320216,cases,5,2020-6,0.012000,11
France,FRA,Europe,67320216,cases,1,2020-7,0.009000,12
France,FRA,Europe,67320216,cases,0,2020-8,0.001000,12
France,FRA,Europe,67320216,cases,118,2020-9,0.175000,130
France,FRA,Europe,67320216,cases,996,2020-10,1.655000,1126
France,FRA,Europe,67320216,cases,4297,2020-11,7.862000,5423
France,FRA,Europe,67320216,cases,10595,2020-12,22.121000,16018
France,FRA,Europe,67320216,cases,24156,2020-13,51.619999,40174
France,FRA,Europe,67320216,cases,30304,2020-14,80.897003,70478
France,FRA,Europe,67320216,cases,24925,2020-15,82.039001,95403
France,FRA,Europe,67320216,cases,17203,2020-16,62.578999,112606
France,FRA,Europe,67320216,cases,11969,2020-17,43.333000,124575
France,FRA,Europe,67320216,cases,6712,2020-18,27.749001,131287
France,FRA,Europe,67320216,cases,7776,2020-19,21.521000,139063
France,FRA,Europe,67320216,cases,3348,2020-20,16.524000,142411
France,FRA,Europe,67320216,cases,2510,2020-21,8.702000,144921
France,FRA,Europe,67320216,cases,6832,2020-22,13.877000,151753
France,FRA,Europe,67320216,cases,2224,2020-23,13.452000,153977
France,FRA,Europe,67320216,cases,3243,2020-24,8.121000,157220
France,FRA,Europe,67320216,cases,3157,2020-25,9.507000,160377
France,FRA,Europe,67320216,cases,2559,2020-26,8.491000,162936
France,FRA,Europe,67320216,cases,4024,2020-27,9.779000,166960
France,FRA,Europe,67320216,cases,3792,2020-28,11.610000,170752
France,FRA,Europe,67320216,cases,3922,2020-29,11.459000,174674
France,FRA,Europe,67320216,cases,5854,2020-30,14.522000,180528
France,FRA,Europe,67320216,cases,7391,2020-31,19.674999,187919
France,FRA,Europe,67320216,cases,10002,2020-32,25.836000,197921
France,FRA,Europe,67320216,cases,20615,2020-33,45.480000,218536
France,FRA,Europe,67320216,cases,24363,2020-34,66.811996,242899
France,FRA,Europe,67320216,cases,35044,2020-35,88.245003,277943
France,FRA,Europe,67320216,cases,46834,2020-36,121.625000,324777
France,FRA,Europe,67320216,cases,56317,2020-37,153.223999,381094
France,FRA,Europe,67320216,cases,72669,2020-38,191.600998,453763
France,FRA,Europe,67320216,cases,84806,2020-39,233.919006,538569
France,FRA,Europe,67320216,cases,80601,2020-40,245.701996,619170
France,FRA,Europe,67320216,cases,115804,2020-41,291.747009,734974
France,FRA,Europe,67320216,cases,162060,2020-42,412.750000,897034
France,FRA,Europe,67320216,cases,241473,2020-43,599.422974,1138507
France,FRA,Europe,67320216,cases,275408,2020-44,767.794983,1413915
France,FRA,Europe,67320216,cases,373409,2020-45,963.776978,1787324
France,FRA,Europe,67320216,cases,194503,2020-46,843.598022,1981827
France,FRA,Europe,67320216,cases,158381,2020-47,524.187012,2140208
France,FRA,Europe,67320216,cases,78275,2020-48,351.537994,2218483
France,FRA,Europe,67320216,cases,74014,2020-49,226.216003,2292497
France,FRA,Europe,67320216,cases,84355,2020-50,235.246994,2376852
France,FRA,Europe,67320216,cases,96502,2020-51,268.652008,2473354
France,FRA,Europe,67320216,cases,89292,2020-52,275.984985,2562646
France,FRA,Europe,67320216,cases,93082,2020-53,270.904999,2655728
France,FRA,Europe,67320216,cases,127528,2021-1,327.701996,2783256
France,FRA,Europe,67320216,cases,127733,2021-2,379.174011,2910989
France,FRA,Europe,67320216,cases,142628,2021-3,401.604004,3053617
France,FRA,Europe,67320216,cases,143497,2021-4,425.020996,3197114
France,FRA,Europe,67320216,cases,139934,2021-5,421.019012,3337048
France,FRA,Europe,67320216,cases,128115,2021-6,398.170013,3465163
France,FRA,Europe,67320216,cases,140018,2021-7,398.295013,3605181
France,FRA,Europe,67320216,cases,150787,2021-8,431.972992,3755968
France,FRA,Europe,67320216,cases,148265,2021-9,444.222992,3904233
France,FRA,Europe,67320216,cases,167429,2021-10,468.944000,4071662
France,FRA,Europe,67320216,cases,210941,2021-11,562.044983,4282603
France,FRA,Europe,67320216,cases,262986,2021-12,703.989014,4545589
France,FRA,Europe,67320216,cases,276881,2021-13,801.939026,4822470
France,FRA,Europe,67320216,cases,236210,2021-14,762.164978,5058680
France,FRA,Europe,67320216,cases,230846,2021-15,693.783020,5289526
France,FRA,Europe,67320216,deaths,0,2020-1,0.000000,0
France,FRA,Europe,67320216,deaths,0,2020-2,0.000000,0
France,FRA,Europe,67320216,deaths,0,2020-3,0.000000,0
France,FRA,Europe,67320216,deaths,0,2020-4,0.000000,0
France,FRA,Europe,67320216,deaths,0,2020-5,0.000000,0
France,FRA,Europe,67320216,deaths,0,2020-6,0.000000,0
France,FRA,Europe,67320216,deaths,1,2020-7,0.015000,1
France,FRA,Europe,67320216,deaths,0,2020-8,0.015000,1
France,FRA,Europe,67320216,deaths,1,2020-9,0.015000,2
France,FRA,Europe,67320216,deaths,17,2020-10,0.267000,19
France,FRA,Europe,67320216,deaths,108,2020-11,1.857000,127
France,FRA,Europe,67320216,deaths,547,2020-12,9.730000,674
France,FRA,Europe,67320216,deaths,1932,2020-13,36.824001,2606
France,FRA,Europe,67320216,deaths,5472,2020-14,109.982002,8078
France,FRA,Europe,67320216,deaths,6315,2020-15,175.089005,14393
France,FRA,Europe,67320216,deaths,5325,2020-16,172.904999,19718
France,FRA,Europe,67320216,deaths,3138,2020-17,125.712997,22856
France,FRA,Europe,67320216,deaths,2039,2020-18,76.901001,24895
France,FRA,Europe,67320216,deaths,1485,2020-19,52.347000,26380
France,FRA,Europe,67320216,deaths,1331,2020-20,41.830002,27711
France,FRA,Europe,67320216,deaths,656,2020-21,29.516001,28367
France,FRA,Europe,67320216,deaths,435,2020-22,16.205999,28802
France,FRA,Europe,67320216,deaths,353,2020-23,11.705000,29155
France,FRA,Europe,67320216,deaths,252,2020-24,8.987000,29407
France,FRA,Europe,67320216,deaths,233,2020-25,7.204000,29640
France,FRA,Europe,67320216,deaths,138,2020-26,5.511000,29778
France,FRA,Europe,67320216,deaths,115,2020-27,3.758000,29893
France,FRA,Europe,67320216,deaths,111,2020-28,3.357000,30004
France,FRA,Europe,67320216,deaths,148,2020-29,3.847000,30152
France,FRA,Europe,67320216,deaths,40,2020-30,2.793000,30192
France,FRA,Europe,67320216,deaths,73,2020-31,1.679000,30265
France,FRA,Europe,67320216,deaths,59,2020-32,1.961000,30324
France,FRA,Europe,67320216,deaths,86,2020-33,2.154000,30410
France,FRA,Europe,67320216,deaths,103,2020-34,2.807000,30513
France,FRA,Europe,67320216,deaths,93,2020-35,2.911000,30606
France,FRA,Europe,67320216,deaths,95,2020-36,2.793000,30701
France,FRA,Europe,67320216,deaths,215,2020-37,4.605000,30916
France,FRA,Europe,67320216,deaths,369,2020-38,8.675000,31285
France,FRA,Europe,67320216,deaths,442,2020-39,12.047000,31727
France,FRA,Europe,67320216,deaths,503,2020-40,14.037000,32230
France,FRA,Europe,67320216,deaths,500,2020-41,14.899000,32730
France,FRA,Europe,67320216,deaths,747,2020-42,18.523001,33477
France,FRA,Europe,67320216,deaths,1284,2020-43,30.169001,34761
France,FRA,Europe,67320216,deaths,2258,2020-44,52.613998,37019
France,FRA,Europe,67320216,deaths,3420,2020-45,84.343002,40439
France,FRA,Europe,67320216,deaths,4109,2020-46,111.838997,44548
France,FRA,Europe,67320216,deaths,4184,2020-47,123.186996,48732
France,FRA,Europe,67320216,deaths,3593,2020-48,115.523003,52325
France,FRA,Europe,67320216,deaths,2830,2020-49,95.410004,55155
France,FRA,Europe,67320216,deaths,2756,2020-50,82.976997,57911
France,FRA,Europe,67320216,deaths,2638,2020-51,80.125000,60549
France,FRA,Europe,67320216,deaths,2560,2020-52,77.212997,63109
France,FRA,Europe,67320216,deaths,1928,2020-53,66.666000,65037
France,FRA,Europe,67320216,deaths,2713,2021-1,68.939003,67750
France,FRA,Europe,67320216,deaths,2533,2021-2,77.926003,70283
France,FRA,Europe,67320216,deaths,2766,2021-3,78.712997,73049
France,FRA,Europe,67320216,deaths,3008,2021-4,85.768997,76057
France,FRA,Europe,67320216,deaths,2908,2021-5,87.878998,78965
France,FRA,Europe,67320216,deaths,2849,2021-6,85.516998,81814
France,FRA,Europe,67320216,deaths,2492,2021-7,79.336998,84306
France,FRA,Europe,67320216,deaths,2148,2021-8,68.924004,86454
France,FRA,Europe,67320216,deaths,2146,2021-9,63.785000,88600
France,FRA,Europe,67320216,deaths,1855,2021-10,59.431999,90455
France,FRA,Europe,67320216,deaths,1850,2021-11,55.035000,92305
France,FRA,Europe,67320216,deaths,2318,2021-12,61.912998,94623
France,FRA,Europe,67320216,deaths,2055,2021-13,64.958000,96678
France,FRA,Europe,67320216,deaths,2100,2021-14,61.720001,98778
France,FRA,Europe,67320216,deaths,1984,2021-15,60.665001,100762
South Africa,ZAF,Africa,59308690,cases,3,2020-10,0.000000,3
South Africa,ZAF,Africa,59308690,cases,48,2020-11,0.086000,51
South Africa,ZAF,Africa,59308690,cases,223,2020-12,0.457000,274
South Africa,ZAF,Africa,59308690,cases,1006,2020-13,2.072000,1280
South Africa,ZAF,Africa,59308690,cases,375,2020-14,2.328000,1655
South Africa,ZAF,Africa,59308690,cases,518,2020-15,1.506000,2173
South Africa,ZAF,Africa,59308690,cases,985,2020-16,2.534000,3158
South Africa,ZAF,Africa,59308690,cases,1388,2020-17,4.001000,4546
South Africa,ZAF,Africa,59308690,cases,2237,2020-18,6.112000,6783
South Africa,ZAF,Africa,59308690,cases,3232,2020-19,9.221000,10015
South Africa,ZAF,Africa,59308690,cases,5500,2020-20,14.723000,15515
South Africa,ZAF,Africa,59308690,cases,7068,2020-21,21.191000,22583
South Africa,ZAF,Africa,59308690,cases,10100,2020-22,28.947001,32683
South Africa,ZAF,Africa,59308690,cases,15602,2020-23,43.335999,48285
South Africa,ZAF,Africa,59308690,cases,21753,2020-24,62.984001,70038
South Africa,ZAF,Africa,59308690,cases,27264,2020-25,82.647003,97302
South Africa,ZAF,Africa,59308690,cases,40832,2020-26,114.816002,138134
South Africa,ZAF,Africa,59308690,cases,58616,2020-27,167.679001,196750
South Africa,ZAF,Africa,59308690,cases,79492,2020-28,232.863007,276242
South Africa,ZAF,Africa,59308690,cases,88086,2020-29,282.552002,364328
South Africa,ZAF,Africa,59308690,cases,81105,2020-30,285.272003,445433
South Africa,ZAF,Africa,59308690,cases,66052,2020-31,248.119995,511485
South Africa,ZAF,Africa,59308690,cases,48373,2020-32,192.931000,559858
South Africa,ZAF,Africa,59308690,cases,27487,2020-33,127.906998,587345
South Africa,ZAF,Africa,59308690,cases,22428,2020-34,84.161003,609773
South Africa,ZAF,Africa,59308690,cases,15283,2020-35,63.584000,625056
South Africa,ZAF,Africa,59308690,cases,13461,2020-36,48.465000,638517
South Africa,ZAF,Africa,59308690,cases,11276,2020-37,41.709000,649793
South Africa,ZAF,Africa,59308690,cases,11418,2020-38,38.264000,661211
South Africa,ZAF,Africa,59308690,cases,9555,2020-39,35.362000,670766
South Africa,ZAF,Africa,59308690,cases,10523,2020-40,33.853001,681289
South Africa,ZAF,Africa,59308690,cases,11182,2020-41,36.597000,692471
South Africa,ZAF,Africa,59308690,cases,11322,2020-42,37.944000,703793
South Africa,ZAF,Africa,59308690,cases,12075,2020-43,39.450001,715868
South Africa,ZAF,Africa,59308690,cases,10955,2020-44,38.831001,726823
South Africa,ZAF,Africa,59308690,cases,10455,2020-45,36.098999,737278
South Africa,ZAF,Africa,59308690,cases,13746,2020-46,40.805000,751024
South Africa,ZAF,Africa,59308690,cases,16655,2020-47,51.258999,767679
South Africa,ZAF,Africa,59308690,cases,20023,2020-48,61.842999,787702
South Africa,ZAF,Africa,59308690,cases,26863,2020-49,79.054001,814565
South Africa,ZAF,Africa,59308690,cases,46399,2020-50,123.527000,860964
South Africa,ZAF,Africa,59308690,cases,60958,2020-51,181.014008,921922
South Africa,ZAF,Africa,59308690,cases,89949,2020-52,254.442993,1011871
South Africa,ZAF,Africa,59308690,cases,88877,2020-53,301.516998,1100748
South Africa,ZAF,Africa,59308690,cases,130849,2021-1,370.479004,1231597
South Africa,ZAF,Africa,59308690,cases,106329,2021-2,399.903992,1337926
South Africa,ZAF,Africa,59308690,cases,75060,2021-3,305.838989,1412986
South Africa,ZAF,Africa,59308690,cases,43323,2021-4,199.604996,1456309
South Africa,ZAF,Africa,59308690,cases,19826,2021-5,106.474998,1476135
South Africa,ZAF,Africa,59308690,cases,15672,2021-6,59.853001,1491807
South Africa,ZAF,Africa,59308690,cases,11989,2021-7,46.639000,1503796
South Africa,ZAF,Africa,59308690,cases,8429,2021-8,34.426998,1512225
South Africa,ZAF,Africa,59308690,cases,7981,2021-9,27.669001,1520206
South Africa,ZAF,Africa,59308690,cases,9214,2021-10,28.992001,1529420
South Africa,ZAF,Africa,59308690,cases,8432,2021-11,29.753000,1537852
South Africa,ZAF,Africa,59308690,cases,7579,2021-12,26.996000,1545431
South Africa,ZAF,Africa,59308690,cases,6533,2021-13,23.794001,1551964
South Africa,ZAF,Africa,59308690,cases,6494,2021-14,21.965000,1558458
South Africa,ZAF,Africa,59308690,cases,8311,2021-15,24.962999,1566769
South Africa,ZAF,Africa,59308690,deaths,0,2020-10,0.000000,0
South Africa,ZAF,Africa,59308690,deaths,0,2020-11,0.000000,0
South Africa,ZAF,Africa,59308690,deaths,0,2020-12,0.000000,0
South Africa,ZAF,Africa,59308690,deaths,2,2020-13,0.034000,2
South Africa,ZAF,Africa,59308690,deaths,9,2020-14,0.185000,11
South Africa,ZAF,Africa,59308690,deaths,14,2020-15,0.388000,25
South Africa,ZAF,Africa,59308690,deaths,29,2020-16,0.725000,54
South Africa,ZAF,Africa,59308690,deaths,33,2020-17,1.045000,87
South Africa,ZAF,Africa,59308690,deaths,44,2020-18,1.298000,131
South Africa,ZAF,Africa,59308690,deaths,63,2020-19,1.804000,194
South Africa,ZAF,Africa,59308690,deaths,70,2020-20,2.243000,264
South Africa,ZAF,Africa,59308690,deaths,165,2020-21,3.962000,429
South Africa,ZAF,Africa,59308690,deaths,254,2020-22,7.065000,683
South Africa,ZAF,Africa,59308690,deaths,315,2020-23,9.594000,998
South Africa,ZAF,Africa,59308690,deaths,482,2020-24,13.438000,1480
South Africa,ZAF,Africa,59308690,deaths,450,2020-25,15.714000,1930
South Africa,ZAF,Africa,59308690,deaths,526,2020-26,16.455999,2456
South Africa,ZAF,Africa,59308690,deaths,743,2020-27,21.396999,3199
South Africa,ZAF,Africa,59308690,deaths,880,2020-28,27.365000,4079
South Africa,ZAF,Africa,59308690,deaths,954,2020-29,30.923000,5033
South Africa,ZAF,Africa,59308690,deaths,1736,2020-30,45.355999,6769
South Africa,ZAF,Africa,59308690,deaths,1597,2020-31,56.196999,8366
South Africa,ZAF,Africa,59308690,deaths,2042,2020-32,61.356998,10408
South Africa,ZAF,Africa,59308690,deaths,1431,2020-33,58.557999,11839
South Africa,ZAF,Africa,59308690,deaths,1220,2020-34,44.698002,13059
South Africa,ZAF,Africa,59308690,deaths,969,2020-35,36.909000,14028
South Africa,ZAF,Africa,59308690,deaths,861,2020-36,30.856001,14889
South Africa,ZAF,Africa,59308690,deaths,558,2020-37,23.926001,15447
South Africa,ZAF,Africa,59308690,deaths,506,2020-38,17.940001,15953
South Africa,ZAF,Africa,59308690,deaths,445,2020-39,16.035000,16398
South Africa,ZAF,Africa,59308690,deaths,578,2020-40,17.249001,16976
South Africa,ZAF,Africa,59308690,deaths,804,2020-41,23.302000,17780
South Africa,ZAF,Africa,59308690,deaths,691,2020-42,25.207001,18471
South Africa,ZAF,Africa,59308690,deaths,497,2020-43,20.031000,18968
South Africa,ZAF,Africa,59308690,deaths,443,2020-44,15.849000,19411
South Africa,ZAF,Africa,59308690,deaths,398,2020-45,14.180000,19809
South Africa,ZAF,Africa,59308690,deaths,432,2020-46,13.995000,20241
South Africa,ZAF,Africa,59308690,deaths,662,2020-47,18.445999,20903
South Africa,ZAF,Africa,59308690,deaths,574,2020-48,20.840000,21477
South Africa,ZAF,Africa,59308690,deaths,729,2020-49,21.969999,22206
South Africa,ZAF,Africa,59308690,deaths,1070,2020-50,30.333000,23276
South Africa,ZAF,Africa,59308690,deaths,1415,2020-51,41.898998,24691
South Africa,ZAF,Africa,59308690,deaths,2380,2020-52,63.987000,27071
South Africa,ZAF,Africa,59308690,deaths,2506,2020-53,82.383003,29577
South Africa,ZAF,Africa,59308690,deaths,3586,2021-1,102.717003,33163
South Africa,ZAF,Africa,59308690,deaths,3942,2021-2,126.929001,37105
South Africa,ZAF,Africa,59308690,deaths,3769,2021-3,130.014999,40874
South Africa,ZAF,Africa,59308690,deaths,3525,2021-4,122.984001,44399
South Africa,ZAF,Africa,59308690,deaths,1891,2021-5,91.319000,46290
South Africa,ZAF,Africa,59308690,deaths,1609,2021-6,59.013000,47899
South Africa,ZAF,Africa,59308690,deaths,1154,2021-7,46.587002,49053
South Africa,ZAF,Africa,59308690,deaths,888,2021-8,34.430000,49941
South Africa,ZAF,Africa,59308690,deaths,706,2021-9,26.875999,50647
South Africa,ZAF,Africa,59308690,deaths,679,2021-10,23.351999,51326
South Africa,ZAF,Africa,59308690,deaths,785,2021-11,24.684000,52111
South Africa,ZAF,Africa,59308690,deaths,552,2021-12,22.542999,52663
South Africa,ZAF,Africa,59308690,deaths,324,2021-13,14.770000,52987
South Africa,ZAF,Africa,59308690,deaths,335,2021-14,11.111000,53322
South Africa,ZAF,Africa,59308690,deaths,414,2021-15,12.629000,53736
Austria,AUT,Europe,8901064,cases,0,2020-1,0.000000,0
Austria,AUT,Europe,8901064,cases,0,2020-2,0.000000,0
Austria,AUT,Europe,8901064,cases,0,2020-3,0.000000,0
Austria,AUT,Europe,8901064,cases,0,2020-4,0.000000,0
Austria,AUT,Europe,8901064,cases,0,2020-5,0.000000,0
Austria,AUT,Europe,8901064,cases,0,2020-6,0.000000,0
Austria,AUT,Europe,8901064,cases,0,2020-7,0.000000,0
Austria,AUT,Europe,8901064,cases,0,2020-8,0.000000,0
Austria,AUT,Europe,8901064,cases,14,2020-9,0.157000,14
Austria,AUT,Europe,8901064,cases,88,2020-10,1.146000,102
Austria,AUT,Europe,8901064,cases,758,2020-11,9.504000,860
Austria,AUT,Europe,8901064,cases,2771,2020-12,39.646999,3631
Austria,AUT,Europe,8901064,cases,5182,2020-13,89.348999,8813
Austria,AUT,Europe,8901064,cases,3170,2020-14,93.831001,11983
Austria,AUT,Europe,8901064,cases,1954,2020-15,57.566002,13937
Austria,AUT,Europe,8901064,cases,773,2020-16,30.636999,14710
Austria,AUT,Europe,8901064,cases,479,2020-17,14.066000,15189
Austria,AUT,Europe,8901064,cases,349,2020-18,9.302000,15538
Austria,AUT,Europe,8901064,cases,249,2020-19,6.718000,15787
Austria,AUT,Europe,8901064,cases,367,2020-20,6.921000,16154
Austria,AUT,Europe,8901064,cases,285,2020-21,7.325000,16439
Austria,AUT,Europe,8901064,cases,203,2020-22,5.482000,16642
Austria,AUT,Europe,8901064,cases,226,2020-23,4.820000,16868
Austria,AUT,Europe,8901064,cases,170,2020-24,4.449000,17038
Austria,AUT,Europe,8901064,cases,247,2020-25,4.685000,17285
Austria,AUT,Europe,8901064,cases,340,2020-26,6.595000,17625
Austria,AUT,Europe,8901064,cases,644,2020-27,11.055000,18269
Austria,AUT,Europe,8901064,cases,578,2020-28,13.729000,18847
Austria,AUT,Europe,8901064,cases,724,2020-29,14.627000,19571
Austria,AUT,Europe,8901064,cases,915,2020-30,18.414000,20486
Austria,AUT,Europe,8901064,cases,823,2020-31,19.525999,21309
Austria,AUT,Europe,8901064,cases,702,2020-32,17.132999,22011
Austria,AUT,Europe,8901064,cases,1362,2020-33,23.188000,23373
Austria,AUT,Europe,8901064,cases,1866,2020-34,36.264999,25239
Austria,AUT,Europe,8901064,cases,1979,2020-35,43.196999,27218
Austria,AUT,Europe,8901064,cases,1976,2020-36,44.432999,29194
Austria,AUT,Europe,8901064,cases,4141,2020-37,68.722000,33335
Austria,AUT,Europe,8901064,cases,5222,2020-38,105.190002,38557
Austria,AUT,Europe,8901064,cases,4909,2020-39,113.818001,43466
Austria,AUT,Europe,8901064,cases,5152,2020-40,113.030998,48618
Austria,AUT,Europe,8901064,cases,7365,2020-41,140.623993,55983
Austria,AUT,Europe,8901064,cases,9574,2020-42,190.302994,65557
Austria,AUT,Europe,8901064,cases,16979,2020-43,298.312988,82536
Austria,AUT,Europe,8901064,cases,28574,2020-44,511.769989,111110
Austria,AUT,Europe,8901064,cases,41398,2020-45,786.107971,152508
Austria,AUT,Europe,8901064,cases,50986,2020-46,1037.897949,203494
Austria,AUT,Europe,8901064,cases,42630,2020-47,1051.739014,246124
Austria,AUT,Europe,8901064,cases,32058,2020-48,839.091003,278182
Austria,AUT,Europe,8901064,cases,22794,2020-49,616.241028,300976
Austria,AUT,Europe,8901064,cases,19060,2020-50,470.213013,320036
Austria,AUT,Europe,8901064,cases,16186,2020-51,395.975006,336222
Austria,AUT,Europe,8901064,cases,15164,2020-52,352.204987,351386
Austria,AUT,Europe,8901064,cases,13188,2020-53,318.523987,364574
Austria,AUT,Europe,8901064,cases,15133,2021-1,318.174988,379707
Austria,AUT,Europe,8901064,cases,11406,2021-2,298.154999,391113
Austria,AUT,Europe,8901064,cases,10421,2021-3,245.218002,401534
Austria,AUT,Europe,8901064,cases,9451,2021-4,223.253998,410985
Austria,AUT,Europe,8901064,cases,10467,2021-5,223.770996,421452
Austria,AUT,Europe,8901064,cases,8442,2021-6,212.434998,429894
Austria,AUT,Europe,8901064,cases,11848,2021-7,227.949997,441742
Austria,AUT,Europe,8901064,cases,14370,2021-8,294.549011,456112
Austria,AUT,Europe,8901064,cases,15708,2021-9,337.915009,471820
Austria,AUT,Europe,8901064,cases,18851,2021-10,388.256989,490671
Austria,AUT,Europe,8901064,cases,20991,2021-11,447.609009,511662
Austria,AUT,Europe,8901064,cases,21849,2021-12,481.290985,533511
Austria,AUT,Europe,8901064,cases,21900,2021-13,491.502991,555411
Austria,AUT,Europe,8901064,cases,18533,2021-14,454.248993,573944
Austria,AUT,Europe,8901064,cases,16316,2021-15,391.515015,590260
Austria,AUT,Europe,8901064,deaths,0,2020-1,0.000000,0
Austria,AUT,Europe,8901064,deaths,0,2020-2,0.000000,0
Austria,AUT,Europe,8901064,deaths,0,2020-3,0.000000,0
Austria,AUT,Europe,8901064,deaths,0,2020-4,0.000000,0
Austria,AUT,Europe,8901064,deaths,0,2020-5,0.000000,0
Austria,AUT,Europe,8901064,deaths,0,2020-6,0.000000,0
Austria,AUT,Europe,8901064,deaths,0,2020-7,0.000000,0
Austria,AUT,Europe,8901064,deaths,0,2020-8,0.000000,0
Austria,AUT,Europe,8901064,deaths,0,2020-9,0.000000,0
Austria,AUT,Europe,8901064,deaths,0,2020-10,0.000000,0
Austria,AUT,Europe,8901064,deaths,1,2020-11,0.112000,1
Austria,AUT,Europe,8901064,deaths,15,2020-12,1.798000,16
Austria,AUT,Europe,8901064,deaths,70,2020-13,9.549000,86
Austria,AUT,Europe,8901064,deaths,118,2020-14,21.121000,204
Austria,AUT,Europe,8901064,deaths,146,2020-15,29.659000,350
Austria,AUT,Europe,8901064,deaths,102,2020-16,27.862000,452
Austria,AUT,Europe,8901064,deaths,90,2020-17,21.570000,542
Austria,AUT,Europe,8901064,deaths,56,2020-18,16.403000,598
Austria,AUT,Europe,8901064,deaths,20,2020-19,8.538000,618
Austria,AUT,Europe,8901064,deaths,11,2020-20,3.483000,629
Austria,AUT,Europe,8901064,deaths,11,2020-21,2.472000,640
Austria,AUT,Europe,8901064,deaths,28,2020-22,4.381000,668
Austria,AUT,Europe,8901064,deaths,4,2020-23,3.595000,672
Austria,AUT,Europe,8901064,deaths,5,2020-24,1.011000,677
Austria,AUT,Europe,8901064,deaths,13,2020-25,2.022000,690
Austria,AUT,Europe,8901064,deaths,12,2020-26,2.809000,702
Austria,AUT,Europe,8901064,deaths,4,2020-27,1.798000,706
Austria,AUT,Europe,8901064,deaths,2,2020-28,0.674000,708
Austria,AUT,Europe,8901064,deaths,2,2020-29,0.449000,710
Austria,AUT,Europe,8901064,deaths,2,2020-30,0.449000,712
Austria,AUT,Europe,8901064,deaths,6,2020-31,0.899000,718
Austria,AUT,Europe,8901064,deaths,3,2020-32,1.011000,721
Austria,AUT,Europe,8901064,deaths,7,2020-33,1.123000,728
Austria,AUT,Europe,8901064,deaths,4,2020-34,1.236000,732
Austria,AUT,Europe,8901064,deaths,1,2020-35,0.562000,733
Austria,AUT,Europe,8901064,deaths,3,2020-36,0.449000,736
Austria,AUT,Europe,8901064,deaths,20,2020-37,2.584000,756
Austria,AUT,Europe,8901064,deaths,10,2020-38,3.370000,766
Austria,AUT,Europe,8901064,deaths,21,2020-39,3.483000,787
Austria,AUT,Europe,8901064,deaths,26,2020-40,5.280000,813
Austria,AUT,Europe,8901064,deaths,51,2020-41,8.651000,864
Austria,AUT,Europe,8901064,deaths,46,2020-42,10.898000,910
Austria,AUT,Europe,8901064,deaths,74,2020-43,13.482000,984
Austria,AUT,Europe,8901064,deaths,130,2020-44,22.919001,1114
Austria,AUT,Europe,8901064,deaths,221,2020-45,39.432999,1335
Austria,AUT,Europe,8901064,deaths,344,2020-46,63.476002,1679
Austria,AUT,Europe,8901064,deaths,520,2020-47,97.067001,2199
Austria,AUT,Europe,8901064,deaths,705,2020-48,137.623993,2904
Austria,AUT,Europe,8901064,deaths,828,2020-49,172.227005,3732
Austria,AUT,Europe,8901064,deaths,668,2020-50,168.070007,4400
Austria,AUT,Europe,8901064,deaths,816,2020-51,166.722000,5216
Austria,AUT,Europe,8901064,deaths,656,2020-52,165.373001,5872
Austria,AUT,Europe,8901064,deaths,381,2020-53,116.502998,6253
Austria,AUT,Europe,8901064,deaths,378,2021-1,85.271004,6631
Austria,AUT,Europe,8901064,deaths,383,2021-2,85.495003,7014
Austria,AUT,Europe,8901064,deaths,348,2021-3,82.125000,7362
Austria,AUT,Europe,8901064,deaths,291,2021-4,71.789001,7653
Austria,AUT,Europe,8901064,deaths,287,2021-5,64.935997,7940
Austria,AUT,Europe,8901064,deaths,161,2021-6,50.331001,8101
Austria,AUT,Europe,8901064,deaths,157,2021-7,35.726002,8258
Austria,AUT,Europe,8901064,deaths,156,2021-8,35.164001,8414
Austria,AUT,Europe,8901064,deaths,124,2021-9,31.457001,8538
Austria,AUT,Europe,8901064,deaths,131,2021-10,28.648001,8669
Austria,AUT,Europe,8901064,deaths,167,2021-11,33.479000,8836
Austria,AUT,Europe,8901064,deaths,170,2021-12,37.861000,9006
Austria,AUT,Europe,8901064,deaths,183,2021-13,39.658001,9189
Austria,AUT,Europe,8901064,deaths,222,2021-14,45.500000,9411
Austria,AUT,Europe,8901064,deaths,239,2021-15,51.792000,9650
Portugal,PRT,Europe,10295909,cases,30,2020-10,0.000000,30
Portugal,PRT,Europe,10295909,cases,215,2020-11,2.380000,245
Portugal,PRT,Europe,10295909,cases,1355,2020-12,15.249000,1600
Portugal,PRT,Europe,10295909,cases,4362,2020-13,55.527000,5962
Portugal,PRT,Europe,10295909,cases,5316,2020-14,93.998001,11278
Portugal,PRT,Europe,10295909,cases,5307,2020-15,103.177002,16585
Portugal,PRT,Europe,10295909,cases,3621,2020-16,86.713997,20206
Portugal,PRT,Europe,10295909,cases,3640,2020-17,70.523003,23846
Portugal,PRT,Europe,10295909,cases,1678,2020-18,51.652000,25524
Portugal,PRT,Europe,10295909,cases,2057,2020-19,36.277000,27581
Portugal,PRT,Europe,10295909,cases,1455,2020-20,34.111000,29036
Portugal,PRT,Europe,10295909,cases,1587,2020-21,29.546000,30623
Portugal,PRT,Europe,10295909,cases,1877,2020-22,33.644001,32500
Portugal,PRT,Europe,10295909,cases,1993,2020-23,37.588001,34493
Portugal,PRT,Europe,10295909,cases,2197,2020-24,40.695999,36690
Portugal,PRT,Europe,10295909,cases,2443,2020-25,45.066002,39133
Portugal,PRT,Europe,10295909,cases,2513,2020-26,48.136002,41646
Portugal,PRT,Europe,10295909,cases,2251,2020-27,46.271000,43897
Portugal,PRT,Europe,10295909,cases,2615,2020-28,47.261002,46512
Portugal,PRT,Europe,10295909,cases,2124,2020-29,46.028000,48636
Portugal,PRT,Europe,10295909,cases,1528,2020-30,35.470001,50164
Portugal,PRT,Europe,10295909,cases,1299,2020-31,27.458000,51463
Portugal,PRT,Europe,10295909,cases,1205,2020-32,24.320000,52668
Portugal,PRT,Europe,10295909,cases,1434,2020-33,25.632000,54102
Portugal,PRT,Europe,10295909,cases,1495,2020-34,28.448000,55597
Portugal,PRT,Europe,10295909,cases,2171,2020-35,35.605999,57768
Portugal,PRT,Europe,10295909,cases,2490,2020-36,45.270000,60258
Portugal,PRT,Europe,10295909,cases,3725,2020-37,60.363998,63983
Portugal,PRT,Europe,10295909,cases,4594,2020-38,80.799004,68577
Portugal,PRT,Europe,10295909,cases,5027,2020-39,93.445000,73604
Portugal,PRT,Europe,10295909,cases,4643,2020-40,93.920998,78247
Portugal,PRT,Europe,10295909,cases,8417,2020-41,126.846001,86664
Portugal,PRT,Europe,10295909,cases,13247,2020-42,210.414001,99911
Portugal,PRT,Europe,10295909,cases,18775,2020-43,311.016998,118686
Portugal,PRT,Europe,10295909,cases,25655,2020-44,431.531006,144341
Portugal,PRT,Europe,10295909,cases,34983,2020-45,588.952026,179324
Portugal,PRT,Europe,10295909,cases,37977,2020-46,708.630981,217301
Portugal,PRT,Europe,10295909,cases,43457,2020-47,790.935974,260758
Portugal,PRT,Europe,10295909,cases,34041,2020-48,752.706970,294799
Portugal,PRT,Europe,10295909,cases,27675,2020-49,599.422974,322474
Portugal,PRT,Europe,10295909,cases,26270,2020-50,523.945984,348744
Portugal,PRT,Europe,10295909,cases,25377,2020-51,501.626007,374121
Portugal,PRT,Europe,10295909,cases,22545,2020-52,465.446991,396666
Portugal,PRT,Europe,10295909,cases,34957,2020-53,558.494019,431623
Portugal,PRT,Europe,10295909,cases,57670,2021-1,899.648987,489293
Portugal,PRT,Europe,10295909,cases,67210,2021-2,1212.909058,556503
Portugal,PRT,Europe,10295909,cases,86610,2021-3,1493.990967,643113
Portugal,PRT,Europe,10295909,cases,83208,2021-4,1649.374023,726321
Portugal,PRT,Europe,10295909,cases,41598,2021-5,1212.189941,767919
Portugal,PRT,Europe,10295909,cases,19140,2021-6,589.924011,787059
Portugal,PRT,Europe,10295909,cases,10466,2021-7,287.550995,797525
Portugal,PRT,Europe,10295909,cases,7431,2021-8,173.826004,804956
Portugal,PRT,Europe,10295909,cases,5503,2021-9,125.623001,810459
Portugal,PRT,Europe,10295909,cases,4054,2021-10,92.822998,814513
Portugal,PRT,Europe,10295909,cases,3265,2021-11,71.085999,817778
Portugal,PRT,Europe,10295909,cases,2938,2021-12,60.247002,820716
Portugal,PRT,Europe,10295909,cases,2778,2021-13,55.516998,823494
Portugal,PRT,Europe,10295909,cases,4271,2021-14,68.463997,827765
Portugal,PRT,Europe,10295909,cases,3456,2021-15,75.049004,831221
Portugal,PRT,Europe,10295909,deaths,0,2020-10,0.000000,0
Portugal,PRT,Europe,10295909,deaths,0,2020-11,0.000000,0
Portugal,PRT,Europe,10295909,deaths,14,2020-12,1.360000,14
Portugal,PRT,Europe,10295909,deaths,105,2020-13,11.558000,119
Portugal,PRT,Europe,10295909,deaths,176,2020-14,27.292000,295
Portugal,PRT,Europe,10295909,deaths,209,2020-15,37.393002,504
Portugal,PRT,Europe,10295909,deaths,210,2020-16,40.695999,714
Portugal,PRT,Europe,10295909,deaths,214,2020-17,41.181000,928
Portugal,PRT,Europe,10295909,deaths,135,2020-18,33.896999,1063
Portugal,PRT,Europe,10295909,deaths,72,2020-19,20.105000,1135
Portugal,PRT,Europe,10295909,deaths,83,2020-20,15.055000,1218
Portugal,PRT,Europe,10295909,deaths,98,2020-21,17.580000,1316
Portugal,PRT,Europe,10295909,deaths,94,2020-22,18.648001,1410
Portugal,PRT,Europe,10295909,deaths,69,2020-23,15.832000,1479
Portugal,PRT,Europe,10295909,deaths,38,2020-24,10.392000,1517
Portugal,PRT,Europe,10295909,deaths,13,2020-25,4.953000,1530
Portugal,PRT,Europe,10295909,deaths,34,2020-26,4.565000,1564
Portugal,PRT,Europe,10295909,deaths,50,2020-27,8.159000,1614
Portugal,PRT,Europe,10295909,deaths,46,2020-28,9.324000,1660
Portugal,PRT,Europe,10295909,deaths,29,2020-29,7.284000,1689
Portugal,PRT,Europe,10295909,deaths,28,2020-30,5.536000,1717
Portugal,PRT,Europe,10295909,deaths,21,2020-31,4.759000,1738
Portugal,PRT,Europe,10295909,deaths,18,2020-32,3.788000,1756
Portugal,PRT,Europe,10295909,deaths,22,2020-33,3.885000,1778
Portugal,PRT,Europe,10295909,deaths,18,2020-34,3.885000,1796
Portugal,PRT,Europe,10295909,deaths,23,2020-35,3.982000,1819
Portugal,PRT,Europe,10295909,deaths,21,2020-36,4.274000,1840
Portugal,PRT,Europe,10295909,deaths,27,2020-37,4.662000,1867
Portugal,PRT,Europe,10295909,deaths,45,2020-38,6.993000,1912
Portugal,PRT,Europe,10295909,deaths,41,2020-39,8.353000,1953
Portugal,PRT,Europe,10295909,deaths,42,2020-40,8.061000,1995
Portugal,PRT,Europe,10295909,deaths,85,2020-41,12.335000,2080
Portugal,PRT,Europe,10295909,deaths,101,2020-42,18.065001,2181
Portugal,PRT,Europe,10295909,deaths,135,2020-43,22.922001,2316
Portugal,PRT,Europe,10295909,deaths,228,2020-44,35.257000,2544
Portugal,PRT,Europe,10295909,deaths,352,2020-45,56.333000,2896
Portugal,PRT,Europe,10295909,deaths,485,2020-46,81.293999,3381
Portugal,PRT,Europe,10295909,deaths,516,2020-47,97.223000,3897
Portugal,PRT,Europe,10295909,deaths,530,2020-48,101.594002,4427
Portugal,PRT,Europe,10295909,deaths,536,2020-49,103.536003,4963
Portugal,PRT,Europe,10295909,deaths,596,2020-50,109.946999,5559
Portugal,PRT,Europe,10295909,deaths,575,2020-51,113.734001,6134
Portugal,PRT,Europe,10295909,deaths,543,2020-52,108.586998,6677
Portugal,PRT,Europe,10295909,deaths,519,2020-53,103.148003,7196
Portugal,PRT,Europe,10295909,deaths,729,2021-1,121.212997,7925
Portugal,PRT,Europe,10295909,deaths,1103,2021-2,177.934998,9028
Portugal,PRT,Europe,10295909,deaths,1693,2021-3,271.563995,10721
Portugal,PRT,Europe,10295909,deaths,2036,2021-4,362.183014,12757
Portugal,PRT,Europe,10295909,deaths,1597,2021-5,352.859009,14354
Portugal,PRT,Europe,10295909,deaths,1057,2021-6,257.772003,15411
Portugal,PRT,Europe,10295909,deaths,551,2021-7,156.179001,15962
Portugal,PRT,Europe,10295909,deaths,389,2021-8,91.297997,16351
Portugal,PRT,Europe,10295909,deaths,214,2021-9,58.567001,16565
Portugal,PRT,Europe,10295909,deaths,129,2021-10,33.313999,16694
Portugal,PRT,Europe,10295909,deaths,90,2021-11,21.271000,16784
Portugal,PRT,Europe,10295909,deaths,59,2021-12,14.472000,16843
Portugal,PRT,Europe,10295909,deaths,42,2021-13,9.810000,16885
Portugal,PRT,Europe,10295909,deaths,33,2021-14,7.284000,16918
Portugal,PRT,Europe,10295909,deaths,28,2021-15,5.925000,16946
Angola,AGO,Africa,32866268,cases,2,2020-12,0.000000,2
Angola,AGO,Africa,32866268,cases,5,2020-13,0.021000,7
Angola,AGO,Africa,32866268,cases,7,2020-14,0.037000,14
Angola,AGO,Africa,32866268,cases,5,2020-15,0.037000,19
Angola,AGO,Africa,32866268,cases,5,2020-16,0.030000,24
Angola,AGO,Africa,32866268,cases,2,2020-17,0.021000,26
Angola,AGO,Africa,32866268,cases,9,2020-18,0.033000,35
Angola,AGO,Africa,32866268,cases,10,2020-19,0.058000,45
Angola,AGO,Africa,32866268,cases,3,2020-20,0.040000,48
Angola,AGO,Africa,32866268,cases,21,2020-21,0.073000,69
Angola,AGO,Africa,32866268,cases,17,2020-22,0.116000,86
Angola,AGO,Africa,32866268,cases,5,2020-23,0.067000,91
Angola,AGO,Africa,32866268,cases,49,2020-24,0.164000,140
Angola,AGO,Africa,32866268,cases,36,2020-25,0.259000,176
Angola,AGO,Africa,32866268,cases,91,2020-26,0.386000,267
Angola,AGO,Africa,32866268,cases,79,2020-27,0.517000,346
Angola,AGO,Africa,32866268,cases,160,2020-28,0.727000,506
Angola,AGO,Africa,32866268,cases,199,2020-29,1.092000,705
Angola,AGO,Africa,32866268,cases,225,2020-30,1.290000,930
Angola,AGO,Africa,32866268,cases,218,2020-31,1.348000,1148
Angola,AGO,Africa,32866268,cases,424,2020-32,1.953000,1572
Angola,AGO,Africa,32866268,cases,307,2020-33,2.224000,1879
Angola,AGO,Africa,32866268,cases,292,2020-34,1.823000,2171
Angola,AGO,Africa,32866268,cases,453,2020-35,2.267000,2624
Angola,AGO,Africa,32866268,cases,311,2020-36,2.325000,2935
Angola,AGO,Africa,32866268,cases,400,2020-37,2.163000,3335
Angola,AGO,Africa,32866268,cases,656,2020-38,3.213000,3991
Angola,AGO,Africa,32866268,cases,681,2020-39,4.068000,4672
Angola,AGO,Africa,32866268,cases,698,2020-40,4.196000,5370
Angola,AGO,Africa,32866268,cases,876,2020-41,4.789000,6246
Angola,AGO,Africa,32866268,cases,1216,2020-42,6.365000,7462
Angola,AGO,Africa,32866268,cases,1564,2020-43,8.459000,9026
Angola,AGO,Africa,32866268,cases,1779,2020-44,10.172000,10805
Angola,AGO,Africa,32866268,cases,1530,2020-45,10.068000,12335
Angola,AGO,Africa,32866268,cases,1039,2020-46,7.817000,13374
Angola,AGO,Africa,32866268,cases,1119,2020-47,6.566000,14493
Angola,AGO,Africa,32866268,cases,610,2020-48,5.261000,15103
Angola,AGO,Africa,32866268,cases,433,2020-49,3.173000,15536
Angola,AGO,Africa,32866268,cases,652,2020-50,3.301000,16188
Angola,AGO,Africa,32866268,cases,456,2020-51,3.371000,16644
Angola,AGO,Africa,32866268,cases,652,2020-52,3.371000,17296
Angola,AGO,Africa,32866268,cases,346,2020-53,3.037000,17642
Angola,AGO,Africa,32866268,cases,551,2021-1,2.729000,18193
Angola,AGO,Africa,32866268,cases,682,2021-2,3.752000,18875
Angola,AGO,Africa,32866268,cases,524,2021-3,3.669000,19399
Angola,AGO,Africa,32866268,cases,397,2021-4,2.802000,19796
Angola,AGO,Africa,32866268,cases,290,2021-5,2.090000,20086
Angola,AGO,Africa,32866268,cases,280,2021-6,1.734000,20366
Angola,AGO,Africa,32866268,cases,153,2021-7,1.317000,20519
Angola,AGO,Africa,32866268,cases,288,2021-8,1.342000,20807
Angola,AGO,Africa,32866268,cases,279,2021-9,1.725000,21086
Angola,AGO,Africa,32866268,cases,294,2021-10,1.743000,21380
Angola,AGO,Africa,32866268,cases,353,2021-11,1.969000,21733
Angola,AGO,Africa,32866268,cases,330,2021-12,2.078000,22063
Angola,AGO,Africa,32866268,cases,568,2021-13,2.732000,22631
Angola,AGO,Africa,32866268,cases,700,2021-14,3.858000,23331
Angola,AGO,Africa,32866268,cases,1058,2021-15,5.349000,24389
Angola,AGO,Africa,32866268,deaths,0,2020-12,0.000000,0
Angola,AGO,Africa,32866268,deaths,2,2020-13,0.061000,2
Angola,AGO,Africa,32866268,deaths,0,2020-14,0.061000,2
Angola,AGO,Africa,32866268,deaths,0,2020-15,0.000000,2
Angola,AGO,Africa,32866268,deaths,0,2020-16,0.000000,2
Angola,AGO,Africa,32866268,deaths,0,2020-17,0.000000,2
Angola,AGO,Africa,32866268,deaths,0,2020-18,0.000000,2
Angola,AGO,Africa,32866268,deaths,0,2020-19,0.000000,2
Angola,AGO,Africa,32866268,deaths,0,2020-20,0.000000,2
Angola,AGO,Africa,32866268,deaths,2,2020-21,0.061000,4
Angola,AGO,Africa,32866268,deaths,0,2020-22,0.061000,4
Angola,AGO,Africa,32866268,deaths,0,2020-23,0.000000,4
Angola,AGO,Africa,32866268,deaths,2,2020-24,0.061000,6
Angola,AGO,Africa,32866268,deaths,3,2020-25,0.152000,9
Angola,AGO,Africa,32866268,deaths,2,2020-26,0.152000,11
Angola,AGO,Africa,32866268,deaths,8,2020-27,0.304000,19
Angola,AGO,Africa,32866268,deaths,7,2020-28,0.456000,26
Angola,AGO,Africa,32866268,deaths,3,2020-29,0.304000,29
Angola,AGO,Africa,32866268,deaths,11,2020-30,0.426000,40
Angola,AGO,Africa,32866268,deaths,12,2020-31,0.700000,52
Angola,AGO,Africa,32866268,deaths,18,2020-32,0.913000,70
Angola,AGO,Africa,32866268,deaths,16,2020-33,1.034000,86
Angola,AGO,Africa,32866268,deaths,10,2020-34,0.791000,96
Angola,AGO,Africa,32866268,deaths,11,2020-35,0.639000,107
Angola,AGO,Africa,32866268,deaths,10,2020-36,0.639000,117
Angola,AGO,Africa,32866268,deaths,15,2020-37,0.761000,132
Angola,AGO,Africa,32866268,deaths,20,2020-38,1.065000,152
Angola,AGO,Africa,32866268,deaths,19,2020-39,1.187000,171
Angola,AGO,Africa,32866268,deaths,22,2020-40,1.247000,193
Angola,AGO,Africa,32866268,deaths,25,2020-41,1.430000,218
Angola,AGO,Africa,32866268,deaths,23,2020-42,1.460000,241
Angola,AGO,Africa,32866268,deaths,26,2020-43,1.491000,267
Angola,AGO,Africa,32866268,deaths,17,2020-44,1.308000,284
Angola,AGO,Africa,32866268,deaths,19,2020-45,1.095000,303
Angola,AGO,Africa,32866268,deaths,19,2020-46,1.156000,322
Angola,AGO,Africa,32866268,deaths,15,2020-47,1.034000,337
Angola,AGO,Africa,32866268,deaths,9,2020-48,0.730000,346
Angola,AGO,Africa,32866268,deaths,8,2020-49,0.517000,354
Angola,AGO,Africa,32866268,deaths,17,2020-50,0.761000,371
Angola,AGO,Africa,32866268,deaths,16,2020-51,1.004000,387
Angola,AGO,Africa,32866268,deaths,16,2020-52,0.974000,403
Angola,AGO,Africa,32866268,deaths,5,2020-53,0.639000,408
Angola,AGO,Africa,32866268,deaths,8,2021-1,0.396000,416
Angola,AGO,Africa,32866268,deaths,20,2021-2,0.852000,436
Angola,AGO,Africa,32866268,deaths,23,2021-3,1.308000,459
Angola,AGO,Africa,32866268,deaths,7,2021-4,0.913000,466
Angola,AGO,Africa,32866268,deaths,9,2021-5,0.487000,475
Angola,AGO,Africa,32866268,deaths,17,2021-6,0.791000,492
Angola,AGO,Africa,32866268,deaths,7,2021-7,0.730000,499
Angola,AGO,Africa,32866268,deaths,9,2021-8,0.487000,508
Angola,AGO,Africa,32866268,deaths,6,2021-9,0.456000,514
Angola,AGO,Africa,32866268,deaths,7,2021-10,0.396000,521
Angola,AGO,Africa,32866268,deaths,6,2021-11,0.396000,527
Angola,AGO,Africa,32866268,deaths,6,2021-12,0.365000,533
Angola,AGO,Africa,32866268,deaths,9,2021-13,0.456000,542
Angola,AGO,Africa,32866268,deaths,8,2021-14,0.517000,550
Angola,AGO,Africa,32866268,deaths,11,2021-15,0.578000,561
China,CHN,Asia,1439323774,cases,59,2020-1,0.000000,59
China,CHN,Asia,1439323774,cases,0,2020-2,0.004000,59
China,CHN,Asia,1439323774,cases,176,2020-3,0.012000,235
China,CHN,Asia,1439323774,cases,2540,2020-4,0.189000,2775
China,CHN,Asia,1439323774,cases,14436,2020-5,1.179000,17211
China,CHN,Asia,1439323774,cases,22995,2020-6,2.601000,40206
China,CHN,Asia,1439323774,cases,30412,2020-7,3.711000,70618
China,CHN,Asia,1439323774,cases,6616,2020-8,2.573000,77234
China,CHN,Asia,1439323774,cases,2900,2020-9,0.661000,80134
China,CHN,Asia,1439323774,cases,725,2020-10,0.252000,80859
China,CHN,Asia,1439323774,cases,161,2020-11,0.062000,81020
China,CHN,Asia,1439323774,cases,464,2020-12,0.043000,81484
China,CHN,Asia,1439323774,cases,673,2020-13,0.079000,82157
China,CHN,Asia,1439323774,cases,485,2020-14,0.080000,82642
China,CHN,Asia,1439323774,cases,567,2020-15,0.073000,83209
China,CHN,Asia,1439323774,cases,608,2020-16,0.082000,83817
China,CHN,Asia,1439323774,cases,95,2020-17,0.049000,83912
China,CHN,Asia,1439323774,cases,52,2020-18,0.010000,83964
China,CHN,Asia,1439323774,cases,46,2020-19,0.007000,84010
China,CHN,Asia,1439323774,cases,44,2020-20,0.006000,84054
China,CHN,Asia,1439323774,cases,41,2020-21,0.006000,84095
China,CHN,Asia,1439323774,cases,52,2020-22,0.006000,84147
China,CHN,Asia,1439323774,cases,44,2020-23,0.007000,84191
China,CHN,Asia,1439323774,cases,144,2020-24,0.013000,84335
China,CHN,Asia,1439323774,cases,237,2020-25,0.026000,84572
China,CHN,Asia,1439323774,cases,185,2020-26,0.029000,84757
China,CHN,Asia,1439323774,cases,114,2020-27,0.021000,84871
China,CHN,Asia,1439323774,cases,246,2020-28,0.025000,85117
China,CHN,Asia,1439323774,cases,496,2020-29,0.052000,85613
China,CHN,Asia,1439323774,cases,957,2020-30,0.101000,86570
China,CHN,Asia,1439323774,cases,1415,2020-31,0.165000,87985
China,CHN,Asia,1439323774,cases,808,2020-32,0.154000,88793
China,CHN,Asia,1439323774,cases,582,2020-33,0.097000,89375
China,CHN,Asia,1439323774,cases,320,2020-34,0.063000,89695
China,CHN,Asia,1439323774,cases,200,2020-35,0.036000,89895
China,CHN,Asia,1439323774,cases,163,2020-36,0.025000,90058
China,CHN,Asia,1439323774,cases,139,2020-37,0.021000,90197
China,CHN,Asia,1439323774,cases,172,2020-38,0.022000,90369
China,CHN,Asia,1439323774,cases,114,2020-39,0.020000,90483
China,CHN,Asia,1439323774,cases,146,2020-40,0.018000,90629
China,CHN,Asia,1439323774,cases,183,2020-41,0.023000,90812
China,CHN,Asia,1439323774,cases,160,2020-42,0.024000,90972
China,CHN,Asia,1439323774,cases,179,2020-43,0.024000,91151
China,CHN,Asia,1439323774,cases,196,2020-44,0.026000,91347
China,CHN,Asia,1439323774,cases,213,2020-45,0.028000,91560
China,CHN,Asia,1439323774,cases,76,2020-46,0.020000,91636
China,CHN,Asia,1439323774,cases,95,2020-47,0.012000,91731
China,CHN,Asia,1439323774,cases,83,2020-48,0.012000,91814
China,CHN,Asia,1439323774,cases,104,2020-49,0.013000,91918
China,CHN,Asia,1439323774,cases,103,2020-50,0.014000,92021
China,CHN,Asia,1439323774,cases,3029,2020-51,0.218000,95050
China,CHN,Asia,1439323774,cases,245,2020-52,0.227000,95295
China,CHN,Asia,1439323774,cases,918,2020-53,0.081000,96213
China,CHN,Asia,1439323774,cases,611,2021-1,0.106000,96824
China,CHN,Asia,1439323774,cases,1115,2021-2,0.120000,97939
China,CHN,Asia,1439323774,cases,1308,2021-3,0.168000,99247
China,CHN,Asia,1439323774,cases,816,2021-4,0.148000,100063
China,CHN,Asia,1439323774,cases,325,2021-5,0.079000,100388
China,CHN,Asia,1439323774,cases,211,2021-6,0.037000,100599
China,CHN,Asia,1439323774,cases,175,2021-7,0.027000,100774
China,CHN,Asia,1439323774,cases,191,2021-8,0.025000,100965
China,CHN,Asia,1439323774,cases,167,2021-9,0.025000,101132
China,CHN,Asia,1439323774,cases,241,2021-10,0.028000,101373
China,CHN,Asia,1439323774,cases,178,2021-11,0.029000,101551
China,CHN,Asia,1439323774,cases,125,2021-12,0.021000,101676
China,CHN,Asia,1439323774,cases,184,2021-13,0.021000,101860
China,CHN,Asia,1439323774,cases,196,2021-14,0.026000,102056
China,CHN,Asia,1439323774,cases,186,2021-15,0.027000,102242
China,CHN,Asia,1439323774,deaths,0,2020-1,0.000000,0
China,CHN,Asia,1439323774,deaths,1,2020-2,0.001000,1
China,CHN,Asia,1439323774,deaths,2,2020-3,0.002000,3
China,CHN,Asia,1439323774,deaths,78,2020-4,0.056000,81
China,CHN,Asia,1439323774,deaths,280,2020-5,0.249000,361
China,CHN,Asia,1439323774,deaths,548,2020-6,0.575000,909
China,CHN,Asia,1439323774,deaths,862,2020-7,0.980000,1771
China,CHN,Asia,1439323774,deaths,824,2020-8,1.171000,2595
China,CHN,Asia,1439323774,deaths,319,2020-9,0.794000,2914
China,CHN,Asia,1439323774,deaths,208,2020-10,0.366000,3122
China,CHN,Asia,1439323774,deaths,94,2020-11,0.210000,3216
China,CHN,Asia,1439323774,deaths,58,2020-12,0.106000,3274
China,CHN,Asia,1439323774,deaths,32,2020-13,0.063000,3306
China,CHN,Asia,1439323774,deaths,29,2020-14,0.042000,3335
China,CHN,Asia,1439323774,deaths,10,2020-15,0.027000,3345
China,CHN,Asia,1439323774,deaths,1291,2020-16,0.904000,4636
China,CHN,Asia,1439323774,deaths,1,2020-17,0.898000,4637
China,CHN,Asia,1439323774,deaths,0,2020-18,0.001000,4637
China,CHN,Asia,1439323774,deaths,0,2020-19,0.000000,4637
China,CHN,Asia,1439323774,deaths,1,2020-20,0.001000,4638
China,CHN,Asia,1439323774,deaths,0,2020-21,0.001000,4638
China,CHN,Asia,1439323774,deaths,0,2020-22,0.000000,4638
China,CHN,Asia,1439323774,deaths,0,2020-23,0.000000,4638
China,CHN,Asia,1439323774,deaths,0,2020-24,0.000000,4638
China,CHN,Asia,1439323774,deaths,1,2020-25,0.001000,4639
China,CHN,Asia,1439323774,deaths,2,2020-26,0.002000,4641
China,CHN,Asia,1439323774,deaths,0,2020-27,0.001000,4641
China,CHN,Asia,1439323774,deaths,0,2020-28,0.000000,4641
China,CHN,Asia,1439323774,deaths,5,2020-29,0.003000,4646
China,CHN,Asia,1439323774,deaths,6,2020-30,0.008000,4652
China,CHN,Asia,1439323774,deaths,17,2020-31,0.016000,4669
China,CHN,Asia,1439323774,deaths,17,2020-32,0.024000,4686
China,CHN,Asia,1439323774,deaths,17,2020-33,0.024000,4703
China,CHN,Asia,1439323774,deaths,8,2020-34,0.017000,4711
China,CHN,Asia,1439323774,deaths,11,2020-35,0.013000,4722
China,CHN,Asia,1439323774,deaths,8,2020-36,0.013000,4730
China,CHN,Asia,1439323774,deaths,4,2020-37,0.008000,4734
China,CHN,Asia,1439323774,deaths,3,2020-38,0.005000,4737
China,CHN,Asia,1439323774,deaths,2,2020-39,0.003000,4739
China,CHN,Asia,1439323774,deaths,0,2020-40,0.001000,4739
China,CHN,Asia,1439323774,deaths,0,2020-41,0.000000,4739
China,CHN,Asia,1439323774,deaths,0,2020-42,0.000000,4739
China,CHN,Asia,1439323774,deaths,0,2020-43,0.000000,4739
China,CHN,Asia,1439323774,deaths,0,2020-44,0.000000,4739
China,CHN,Asia,1439323774,deaths,0,2020-45,0.000000,4739
China,CHN,Asia,1439323774,deaths,0,2020-46,0.000000,4739
China,CHN,Asia,1439323774,deaths,0,2020-47,0.000000,4739
China,CHN,Asia,1439323774,deaths,0,2020-48,0.000000,4739
China,CHN,Asia,1439323774,deaths,0,2020-49,0.000000,4739
China,CHN,Asia,1439323774,deaths,0,2020-50,0.000000,4739
China,CHN,Asia,1439323774,deaths,25,2020-51,0.017000,4764
China,CHN,Asia,1439323774,deaths,7,2020-52,0.022000,4771
China,CHN,Asia,1439323774,deaths,14,2020-53,0.015000,4785
China,CHN,Asia,1439323774,deaths,2,2021-1,0.011000,4787
China,CHN,Asia,1439323774,deaths,10,2021-2,0.008000,4797
China,CHN,Asia,1439323774,deaths,7,2021-3,0.012000,4804
China,CHN,Asia,1439323774,deaths,13,2021-4,0.014000,4817
China,CHN,Asia,1439323774,deaths,5,2021-5,0.013000,4822
China,CHN,Asia,1439323774,deaths,7,2021-6,0.008000,4829
China,CHN,Asia,1439323774,deaths,4,2021-7,0.008000,4833
China,CHN,Asia,1439323774,deaths,2,2021-8,0.004000,4835
China,CHN,Asia,1439323774,deaths,3,2021-9,0.003000,4838
China,CHN,Asia,1439323774,deaths,1,2021-10,0.003000,4839
China,CHN,Asia,1439323774,deaths,0,2021-11,0.001000,4839
China,CHN,Asia,1439323774,deaths,2,2021-12,0.001000,4841
China,CHN,Asia,1439323774,deaths,0,2021-13,0.001000,4841
China,CHN,Asia,1439323774,deaths,2,2021-14,0.001000,4843
China,CHN,Asia,1439323774,deaths,2,2021-15,0.003000,4845
Thailand,THA,Asia,69799978,cases,0,2020-1,0.000000,0
Thailand,THA,Asia,69799978,cases,1,2020-2,0.001000,1
Thailand,THA,Asia,69799978,cases,1,2020-3,0.003000,2
Thailand,THA,Asia,69799978,cases,6,2020-4,0.010000,8
Thailand,THA,Asia,69799978,cases,11,2020-5,0.024000,19
Thailand,THA,Asia,69799978,cases,13,2020-6,0.034000,32
Thailand,THA,Asia,69799978,cases,2,2020-7,0.021000,34
Thailand,THA,Asia,69799978,cases,1,2020-8,0.004000,35
Thailand,THA,Asia,69799978,cases,8,2020-9,0.013000,43
Thailand,THA,Asia,69799978,cases,7,2020-10,0.021000,50
Thailand,THA,Asia,69799978,cases,64,2020-11,0.102000,114
Thailand,THA,Asia,69799978,cases,607,2020-12,0.961000,721
Thailand,THA,Asia,69799978,cases,667,2020-13,1.825000,1388
Thailand,THA,Asia,69799978,cases,832,2020-14,2.148000,2220
Thailand,THA,Asia,69799978,cases,359,2020-15,1.706000,2579
Thailand,THA,Asia,69799978,cases,186,2020-16,0.781000,2765
Thailand,THA,Asia,69799978,cases,157,2020-17,0.491000,2922
Thailand,THA,Asia,69799978,cases,47,2020-18,0.292000,2969
Thailand,THA,Asia,69799978,cases,46,2020-19,0.133000,3015
Thailand,THA,Asia,69799978,cases,13,2020-20,0.085000,3028
Thailand,THA,Asia,69799978,cases,14,2020-21,0.039000,3042
Thailand,THA,Asia,69799978,cases,39,2020-22,0.076000,3081
Thailand,THA,Asia,69799978,cases,38,2020-23,0.110000,3119
Thailand,THA,Asia,69799978,cases,16,2020-24,0.077000,3135
Thailand,THA,Asia,69799978,cases,13,2020-25,0.042000,3148
Thailand,THA,Asia,69799978,cases,14,2020-26,0.039000,3162
Thailand,THA,Asia,69799978,cases,33,2020-27,0.067000,3195
Thailand,THA,Asia,69799978,cases,25,2020-28,0.083000,3220
Thailand,THA,Asia,69799978,cases,30,2020-29,0.079000,3250
Thailand,THA,Asia,69799978,cases,45,2020-30,0.107000,3295
Thailand,THA,Asia,69799978,cases,25,2020-31,0.100000,3320
Thailand,THA,Asia,69799978,cases,31,2020-32,0.080000,3351
Thailand,THA,Asia,69799978,cases,27,2020-33,0.083000,3378
Thailand,THA,Asia,69799978,cases,19,2020-34,0.066000,3397
Thailand,THA,Asia,69799978,cases,15,2020-35,0.049000,3412
Thailand,THA,Asia,69799978,cases,33,2020-36,0.069000,3445
Thailand,THA,Asia,69799978,cases,30,2020-37,0.090000,3475
Thailand,THA,Asia,69799978,cases,31,2020-38,0.087000,3506
Thailand,THA,Asia,69799978,cases,39,2020-39,0.100000,3545
Thailand,THA,Asia,69799978,cases,45,2020-40,0.120000,3590
Thailand,THA,Asia,69799978,cases,51,2020-41,0.138000,3641
Thailand,THA,Asia,69799978,cases,50,2020-42,0.145000,3691
Thailand,THA,Asia,69799978,cases,52,2020-43,0.146000,3743
Thailand,THA,Asia,69799978,cases,44,2020-44,0.138000,3787
Thailand,THA,Asia,69799978,cases,53,2020-45,0.139000,3840
Thailand,THA,Asia,69799978,cases,35,2020-46,0.126000,3875
Thailand,THA,Asia,69799978,cases,38,2020-47,0.105000,3913
Thailand,THA,Asia,69799978,cases,64,2020-48,0.146000,3977
Thailand,THA,Asia,69799978,cases,130,2020-49,0.278000,4107
Thailand,THA,Asia,69799978,cases,130,2020-50,0.372000,4237
Thailand,THA,Asia,69799978,cases,670,2020-51,1.146000,4907
Thailand,THA,Asia,69799978,cases,1378,2020-52,2.934000,6285
Thailand,THA,Asia,69799978,cases,2154,2020-53,5.060000,8439
Thailand,THA,Asia,69799978,cases,2108,2021-1,6.106000,10547
Thailand,THA,Asia,69799978,cases,1876,2021-2,5.708000,12423
Thailand,THA,Asia,69799978,cases,1264,2021-3,4.499000,13687
Thailand,THA,Asia,69799978,cases,5931,2021-4,10.308000,19618
Thailand,THA,Asia,69799978,cases,3939,2021-5,14.140000,23557
Thailand,THA,Asia,69799978,cases,1157,2021-6,7.301000,24714
Thailand,THA,Asia,69799978,cases,790,2021-7,2.789000,25504
Thailand,THA,Asia,69799978,cases,527,2021-8,1.887000,26031
Thailand,THA,Asia,69799978,cases,410,2021-9,1.342000,26441
Thailand,THA,Asia,69799978,cases,564,2021-10,1.395000,27005
Thailand,THA,Asia,69799978,cases,871,2021-11,2.056000,27876
Thailand,THA,Asia,69799978,cases,897,2021-12,2.533000,28773
Thailand,THA,Asia,69799978,cases,354,2021-13,1.792000,29127
Thailand,THA,Asia,69799978,cases,4483,2021-14,6.930000,33610
Thailand,THA,Asia,69799978,cases,10132,2021-15,20.938000,43742
Thailand,THA,Asia,69799978,deaths,0,2020-1,0.000000,0
Thailand,THA,Asia,69799978,deaths,0,2020-2,0.000000,0
Thailand,THA,Asia,69799978,deaths,0,2020-3,0.000000,0
Thailand,THA,Asia,69799978,deaths,0,2020-4,0.000000,0
Thailand,THA,Asia,69799978,deaths,0,2020-5,0.000000,0
Thailand,THA,Asia,69799978,deaths,0,2020-6,0.000000,0
Thailand,THA,Asia,69799978,deaths,0,2020-7,0.000000,0
Thailand,THA,Asia,69799978,deaths,0,2020-8,0.000000,0
Thailand,THA,Asia,69799978,deaths,1,2020-9,0.014000,1
Thailand,THA,Asia,69799978,deaths,0,2020-10,0.014000,1
Thailand,THA,Asia,69799978,deaths,0,2020-11,0.000000,1
Thailand,THA,Asia,69799978,deaths,0,2020-12,0.000000,1
Thailand,THA,Asia,69799978,deaths,6,2020-13,0.086000,7
Thailand,THA,Asia,69799978,deaths,19,2020-14,0.358000,26
Thailand,THA,Asia,69799978,deaths,14,2020-15,0.473000,40
Thailand,THA,Asia,69799978,deaths,7,2020-16,0.301000,47
Thailand,THA,Asia,69799978,deaths,4,2020-17,0.158000,51
Thailand,THA,Asia,69799978,deaths,3,2020-18,0.100000,54
Thailand,THA,Asia,69799978,deaths,2,2020-19,0.072000,56
Thailand,THA,Asia,69799978,deaths,0,2020-20,0.029000,56
Thailand,THA,Asia,69799978,deaths,1,2020-21,0.014000,57
Thailand,THA,Asia,69799978,deaths,0,2020-22,0.014000,57
Thailand,THA,Asia,69799978,deaths,1,2020-23,0.014000,58
Thailand,THA,Asia,69799978,deaths,0,2020-24,0.014000,58
Thailand,THA,Asia,69799978,deaths,0,2020-25,0.000000,58
Thailand,THA,Asia,69799978,deaths,0,2020-26,0.000000,58
Thailand,THA,Asia,69799978,deaths,0,2020-27,0.000000,58
Thailand,THA,Asia,69799978,deaths,0,2020-28,0.000000,58
Thailand,THA,Asia,69799978,deaths,0,2020-29,0.000000,58
Thailand,THA,Asia,69799978,deaths,0,2020-30,0.000000,58
Thailand,THA,Asia,69799978,deaths,0,2020-31,0.000000,58
Thailand,THA,Asia,69799978,deaths,0,2020-32,0.000000,58
Thailand,THA,Asia,69799978,deaths,0,2020-33,0.000000,58
Thailand,THA,Asia,69799978,deaths,0,2020-34,0.000000,58
Thailand,THA,Asia,69799978,deaths,0,2020-35,0.000000,58
Thailand,THA,Asia,69799978,deaths,0,2020-36,0.000000,58
Thailand,THA,Asia,69799978,deaths,0,2020-37,0.000000,58
Thailand,THA,Asia,69799978,deaths,1,2020-38,0.014000,59
Thailand,THA,Asia,69799978,deaths,0,2020-39,0.014000,59
Thailand,THA,Asia,69799978,deaths,0,2020-40,0.000000,59
Thailand,THA,Asia,69799978,deaths,0,2020-41,0.000000,59
Thailand,THA,Asia,69799978,deaths,0,2020-42,0.000000,59
Thailand,THA,Asia,69799978,deaths,0,2020-43,0.000000,59
Thailand,THA,Asia,69799978,deaths,0,2020-44,0.000000,59
Thailand,THA,Asia,69799978,deaths,1,2020-45,0.014000,60
Thailand,THA,Asia,69799978,deaths,0,2020-46,0.014000,60
Thailand,THA,Asia,69799978,deaths,0,2020-47,0.000000,60
Thailand,THA,Asia,69799978,deaths,0,2020-48,0.000000,60
Thailand,THA,Asia,69799978,deaths,0,2020-49,0.000000,60
Thailand,THA,Asia,69799978,deaths,0,2020-50,0.000000,60
Thailand,THA,Asia,69799978,deaths,0,2020-51,0.000000,60
Thailand,THA,Asia,69799978,deaths,0,2020-52,0.000000,60
Thailand,THA,Asia,69799978,deaths,5,2020-53,0.072000,65
Thailand,THA,Asia,69799978,deaths,2,2021-1,0.100000,67
Thailand,THA,Asia,69799978,deaths,3,2021-2,0.072000,70
Thailand,THA,Asia,69799978,deaths,5,2021-3,0.115000,75
Thailand,THA,Asia,69799978,deaths,2,2021-4,0.100000,77
Thailand,THA,Asia,69799978,deaths,2,2021-5,0.057000,79
Thailand,THA,Asia,69799978,deaths,3,2021-6,0.072000,82
Thailand,THA,Asia,69799978,deaths,1,2021-7,0.057000,83
Thailand,THA,Asia,69799978,deaths,0,2021-8,0.014000,83
Thailand,THA,Asia,69799978,deaths,2,2021-9,0.029000,85
Thailand,THA,Asia,69799978,deaths,2,2021-10,0.057000,87
Thailand,THA,Asia,69799978,deaths,4,2021-11,0.086000,91
Thailand,THA,Asia,69799978,deaths,3,2021-12,0.100000,94
Thailand,THA,Asia,69799978,deaths,1,2021-13,0.057000,95
Thailand,THA,Asia,69799978,deaths,2,2021-14,0.043000,97
Thailand,THA,Asia,69799978,deaths,7,2021-15,0.129000,104
Australia,AUS,Oceania,25499881,cases,0,2020-1,0.000000,0
Australia,AUS,Oceania,25499881,cases,0,2020-2,0.000000,0
Australia,AUS,Oceania,25499881,cases,0,2020-3,0.000000,0
Australia,AUS,Oceania,25499881,cases,4,2020-4,0.016000,4
Australia,AUS,Oceania,25499881,cases,7,2020-5,0.043000,11
Australia,AUS,Oceania,25499881,cases,3,2020-6,0.039000,14
Australia,AUS,Oceania,25499881,cases,1,2020-7,0.016000,15
Australia,AUS,Oceania,25499881,cases,7,2020-8,0.031000,22
Australia,AUS,Oceania,25499881,cases,7,2020-9,0.055000,29
Australia,AUS,Oceania,25499881,cases,51,2020-10,0.227000,80
Australia,AUS,Oceania,25499881,cases,218,2020-11,1.055000,298
Australia,AUS,Oceania,25499881,cases,1411,2020-12,6.388000,1709
Australia,AUS,Oceania,25499881,cases,2384,2020-13,14.882000,4093
Australia,AUS,Oceania,25499881,cases,1651,2020-14,15.824000,5744
Australia,AUS,Oceania,25499881,cases,578,2020-15,8.741000,6322
Australia,AUS,Oceania,25499881,cases,290,2020-16,3.404000,6612
Australia,AUS,Oceania,25499881,cases,101,2020-17,1.533000,6713
Australia,AUS,Oceania,25499881,cases,88,2020-18,0.741000,6801
Australia,AUS,Oceania,25499881,cases,140,2020-19,0.894000,6941
Australia,AUS,Oceania,25499881,cases,104,2020-20,0.957000,7045
Australia,AUS,Oceania,25499881,cases,64,2020-21,0.659000,7109
Australia,AUS,Oceania,25499881,cases,86,2020-22,0.588000,7195
Australia,AUS,Oceania,25499881,cases,65,2020-23,0.592000,7260
Australia,AUS,Oceania,25499881,cases,60,2020-24,0.490000,7320
Australia,AUS,Oceania,25499881,cases,141,2020-25,0.788000,7461
Australia,AUS,Oceania,25499881,cases,225,2020-26,1.435000,7686
Australia,AUS,Oceania,25499881,cases,763,2020-27,3.875000,8449
Australia,AUS,Oceania,25499881,cases,1348,2020-28,8.278000,9797
Australia,AUS,Oceania,25499881,cases,2005,2020-29,13.149000,11802
Australia,AUS,Oceania,25499881,cases,2601,2020-30,18.063000,14403
Australia,AUS,Oceania,25499881,cases,3520,2020-31,24.004000,17923
Australia,AUS,Oceania,25499881,cases,3161,2020-32,26.200001,21084
Australia,AUS,Oceania,25499881,cases,2204,2020-33,21.039000,23288
Australia,AUS,Oceania,25499881,cases,1524,2020-34,14.620000,24812
Australia,AUS,Oceania,25499881,cases,858,2020-35,9.341000,25670
Australia,AUS,Oceania,25499881,cases,609,2020-36,5.753000,26279
Australia,AUS,Oceania,25499881,cases,372,2020-37,3.847000,26651
Australia,AUS,Oceania,25499881,cases,247,2020-38,2.427000,26898
Australia,AUS,Oceania,25499881,cases,142,2020-39,1.525000,27040
Australia,AUS,Oceania,25499881,cases,96,2020-40,0.933000,27136
Australia,AUS,Oceania,25499881,cases,128,2020-41,0.878000,27264
Australia,AUS,Oceania,25499881,cases,126,2020-42,0.996000,27390
Australia,AUS,Oceania,25499881,cases,130,2020-43,1.004000,27520
Australia,AUS,Oceania,25499881,cases,75,2020-44,0.804000,27595
Australia,AUS,Oceania,25499881,cases,63,2020-45,0.541000,27658
Australia,AUS,Oceania,25499881,cases,67,2020-46,0.510000,27725
Australia,AUS,Oceania,25499881,cases,96,2020-47,0.639000,27821
Australia,AUS,Oceania,25499881,cases,72,2020-48,0.659000,27893
Australia,AUS,Oceania,25499881,cases,72,2020-49,0.565000,27965
Australia,AUS,Oceania,25499881,cases,66,2020-50,0.541000,28031
Australia,AUS,Oceania,25499881,cases,167,2020-51,0.914000,28198
Australia,AUS,Oceania,25499881,cases,114,2020-52,1.102000,28312
Australia,AUS,Oceania,25499881,cases,192,2020-53,1.200000,28504
Australia,AUS,Oceania,25499881,cases,110,2021-1,1.184000,28614
Australia,AUS,Oceania,25499881,cases,94,2021-2,0.800000,28708
Australia,AUS,Oceania,25499881,cases,58,2021-3,0.596000,28766
Australia,AUS,Oceania,25499881,cases,52,2021-4,0.431000,28818
Australia,AUS,Oceania,25499881,cases,32,2021-5,0.329000,28850
Australia,AUS,Oceania,25499881,cases,50,2021-6,0.322000,28900
Australia,AUS,Oceania,25499881,cases,30,2021-7,0.314000,28930
Australia,AUS,Oceania,25499881,cases,40,2021-8,0.275000,28970
Australia,AUS,Oceania,25499881,cases,67,2021-9,0.420000,29037
Australia,AUS,Oceania,25499881,cases,80,2021-10,0.576000,29117
Australia,AUS,Oceania,25499881,cases,89,2021-11,0.663000,29206
Australia,AUS,Oceania,25499881,cases,54,2021-12,0.561000,29260
Australia,AUS,Oceania,25499881,cases,88,2021-13,0.557000,29348
Australia,AUS,Oceania,25499881,cases,57,2021-14,0.569000,29405
Australia,AUS,Oceania,25499881,cases,114,2021-15,0.671000,29519
Australia,AUS,Oceania,25499881,deaths,0,2020-1,0.000000,0
Australia,AUS,Oceania,25499881,deaths,0,2020-2,0.000000,0
Australia,AUS,Oceania,25499881,deaths,0,2020-3,0.000000,0
Australia,AUS,Oceania,25499881,deaths,0,2020-4,0.000000,0
Australia,AUS,Oceania,25499881,deaths,0,2020-5,0.000000,0
Australia,AUS,Oceania,25499881,deaths,0,2020-6,0.000000,0
Australia,AUS,Oceania,25499881,deaths,0,2020-7,0.000000,0
Australia,AUS,Oceania,25499881,deaths,0,2020-8,0.000000,0
Australia,AUS,Oceania,25499881,deaths,1,2020-9,0.039000,1
Australia,AUS,Oceania,25499881,deaths,2,2020-10,0.118000,3
Australia,AUS,Oceania,25499881,deaths,2,2020-11,0.157000,5
Australia,AUS,Oceania,25499881,deaths,2,2020-12,0.157000,7
Australia,AUS,Oceania,25499881,deaths,9,2020-13,0.431000,16
Australia,AUS,Oceania,25499881,deaths,20,2020-14,1.137000,36
Australia,AUS,Oceania,25499881,deaths,25,2020-15,1.765000,61
Australia,AUS,Oceania,25499881,deaths,9,2020-16,1.333000,70
Australia,AUS,Oceania,25499881,deaths,13,2020-17,0.863000,83
Australia,AUS,Oceania,25499881,deaths,12,2020-18,0.980000,95
Australia,AUS,Oceania,25499881,deaths,2,2020-19,0.549000,97
Australia,AUS,Oceania,25499881,deaths,1,2020-20,0.118000,98
Australia,AUS,Oceania,25499881,deaths,4,2020-21,0.196000,102
Australia,AUS,Oceania,25499881,deaths,0,2020-22,0.157000,102
Australia,AUS,Oceania,25499881,deaths,0,2020-23,0.000000,102
Australia,AUS,Oceania,25499881,deaths,0,2020-24,0.000000,102
Australia,AUS,Oceania,25499881,deaths,0,2020-25,0.000000,102
Australia,AUS,Oceania,25499881,deaths,2,2020-26,0.078000,104
Australia,AUS,Oceania,25499881,deaths,0,2020-27,0.078000,104
Australia,AUS,Oceania,25499881,deaths,4,2020-28,0.157000,108
Australia,AUS,Oceania,25499881,deaths,14,2020-29,0.706000,122
Australia,AUS,Oceania,25499881,deaths,33,2020-30,1.843000,155
Australia,AUS,Oceania,25499881,deaths,53,2020-31,3.373000,208
Australia,AUS,Oceania,25499881,deaths,87,2020-32,5.490000,295
Australia,AUS,Oceania,25499881,deaths,101,2020-33,7.373000,396
Australia,AUS,Oceania,25499881,deaths,106,2020-34,8.118000,502
Australia,AUS,Oceania,25499881,deaths,109,2020-35,8.431000,611
Australia,AUS,Oceania,25499881,deaths,142,2020-36,9.843000,753
Australia,AUS,Oceania,25499881,deaths,57,2020-37,7.804000,810
Australia,AUS,Oceania,25499881,deaths,39,2020-38,3.765000,849
Australia,AUS,Oceania,25499881,deaths,23,2020-39,2.431000,872
Australia,AUS,Oceania,25499881,deaths,22,2020-40,1.765000,894
Australia,AUS,Oceania,25499881,deaths,4,2020-41,1.020000,898
Australia,AUS,Oceania,25499881,deaths,6,2020-42,0.392000,904
Australia,AUS,Oceania,25499881,deaths,1,2020-43,0.275000,905
Australia,AUS,Oceania,25499881,deaths,2,2020-44,0.118000,907
Australia,AUS,Oceania,25499881,deaths,0,2020-45,0.078000,907
Australia,AUS,Oceania,25499881,deaths,0,2020-46,0.000000,907
Australia,AUS,Oceania,25499881,deaths,0,2020-47,0.000000,907
Australia,AUS,Oceania,25499881,deaths,0,2020-48,0.000000,907
Australia,AUS,Oceania,25499881,deaths,1,2020-49,0.039000,908
Australia,AUS,Oceania,25499881,deaths,0,2020-50,0.039000,908
Australia,AUS,Oceania,25499881,deaths,0,2020-51,0.000000,908
Australia,AUS,Oceania,25499881,deaths,0,2020-52,0.000000,908
Australia,AUS,Oceania,25499881,deaths,1,2020-53,0.039000,909
Australia,AUS,Oceania,25499881,deaths,0,2021-1,0.039000,909
Australia,AUS,Oceania,25499881,deaths,0,2021-2,0.000000,909
Australia,AUS,Oceania,25499881,deaths,0,2021-3,0.000000,909
Australia,AUS,Oceania,25499881,deaths,0,2021-4,0.000000,909
Australia,AUS,Oceania,25499881,deaths,0,2021-5,0.000000,909
Australia,AUS,Oceania,25499881,deaths,0,2021-6,0.000000,909
Australia,AUS,Oceania,25499881,deaths,0,2021-7,0.000000,909
Australia,AUS,Oceania,25499881,deaths,0,2021-8,0.000000,909
Australia,AUS,Oceania,25499881,deaths,0,2021-9,0.000000,909
Australia,AUS,Oceania,25499881,deaths,0,2021-10,0.000000,909
Australia,AUS,Oceania,25499881,deaths,0,2021-11,0.000000,909
Australia,AUS,Oceania,25499881,deaths,0,2021-12,0.000000,909
Australia,AUS,Oceania,25499881,deaths,0,2021-13,0.000000,909
Australia,AUS,Oceania,25499881,deaths,0,2021-14,0.000000,909
Australia,AUS,Oceania,25499881,deaths,1,2021-15,0.039000,910
